run,final_capital,total_return_pct,max_drawdown_pct,max_consec_losses
0,15940.61,59.41,-10.23,7
1,15105.96,51.06,-9.93,5
2,18692.84,86.93,-10.06,5
3,16765.99,67.66,-8.38,5
4,16746.38,67.46,-5.73,6
5,15626.38,56.26,-7.84,10
6,17631.55,76.32,-7.7,6
7,17455.05,74.55,-9.35,5
8,13157.76,31.58,-12.23,6
9,12970.72,29.71,-15.14,11
10,13117.41,31.17,-10.8,7
11,16459.01,64.59,-7.68,6
12,15314.07,53.14,-7.57,5
13,13879.36,38.79,-11.89,5
14,16178.76,61.79,-11.87,11
15,23248.31,132.48,-6.32,6
16,13702.94,37.03,-9.5,6
17,14493.49,44.93,-6.72,5
18,14457.76,44.58,-13.27,6
19,15956.82,59.57,-11.19,8
20,16860.34,68.6,-6.3,6
21,17382.89,73.83,-12.94,6
22,15179.3,51.79,-12.1,7
23,15685.24,56.85,-8.47,8
24,19741.39,97.41,-10.36,8
25,19251.28,92.51,-9.02,7
26,13085.25,30.85,-7.68,8
27,19743.63,97.44,-6.59,6
28,11857.06,18.57,-13.11,8
29,14857.27,48.57,-10.86,7
30,18842.34,88.42,-6.38,6
31,15924.7,59.25,-7.78,6
32,17615.94,76.16,-6.69,6
33,16651.06,66.51,-5.17,5
34,18548.08,85.48,-12.48,6
35,14568.21,45.68,-10.49,7
36,13715.1,37.15,-10.7,7
37,16093.13,60.93,-5.36,6
38,16714.59,67.15,-9.02,5
39,14099.15,40.99,-14.05,5
40,17489.91,74.9,-6.92,5
41,14819.87,48.2,-8.63,9
42,20568.56,105.69,-6.19,5
43,19023.05,90.23,-10.39,7
44,16905.5,69.06,-8.98,6
45,13859.15,38.59,-10.97,9
46,13752.35,37.52,-11.31,7
47,22897.37,128.97,-7.26,7
48,16402.02,64.02,-8.63,6
49,22938.42,129.38,-6.25,4
50,16015.07,60.15,-7.67,8
51,13988.19,39.88,-8.12,6
52,11491.98,14.92,-13.38,6
53,18036.07,80.36,-9.3,6
54,20101.45,101.01,-7.54,7
55,18427.79,84.28,-10.13,9
56,11610.54,16.11,-13.76,9
57,13651.19,36.51,-9.25,8
58,16237.49,62.37,-8.37,5
59,16891.36,68.91,-6.46,4
60,14845.97,48.46,-6.17,6
61,22279.76,122.8,-6.3,4
62,20908.23,109.08,-5.01,5
63,21566.67,115.67,-7.17,6
64,20487.37,104.87,-7.25,5
65,17201.75,72.02,-9.32,7
66,19447.1,94.47,-5.26,5
67,15085.03,50.85,-8.9,7
68,19918.6,99.19,-5.28,6
69,13460.57,34.61,-11.24,7
70,14327.61,43.28,-12.05,5
71,16168.16,61.68,-6.92,6
72,14080.19,40.8,-8.73,6
73,15733.72,57.34,-9.63,7
74,15531.85,55.32,-7.3,6
75,17983.32,79.83,-5.59,4
76,17230.66,72.31,-5.2,6
77,18701.3,87.01,-8.14,6
78,18225.44,82.25,-5.67,5
79,16231.46,62.31,-9.28,6
80,18200.37,82.0,-5.48,6
81,18592.26,85.92,-6.97,6
82,13841.51,38.42,-8.73,7
83,12497.08,24.97,-10.75,6
84,12880.6,28.81,-17.91,6
85,14525.59,45.26,-5.94,6
86,18243.38,82.43,-5.47,7
87,18521.39,85.21,-5.71,5
88,17844.08,78.44,-10.23,5
89,18673.7,86.74,-5.66,8
90,16793.37,67.93,-5.96,5
91,12399.05,23.99,-13.81,6
92,15406.25,54.06,-7.89,6
93,14949.99,49.5,-7.68,6
94,16923.1,69.23,-8.03,8
95,16262.97,62.63,-7.59,6
96,13490.91,34.91,-18.02,16
97,24458.3,144.58,-5.01,5
98,16697.44,66.97,-14.49,13
99,14046.35,40.46,-6.97,5
100,13964.9,39.65,-7.11,7
101,21550.26,115.5,-6.65,4
102,14169.79,41.7,-10.65,8
103,17895.7,78.96,-7.89,5
104,16010.41,60.1,-9.48,7
105,20754.62,107.55,-6.81,5
106,15946.19,59.46,-5.65,7
107,18156.89,81.57,-6.41,5
108,15330.08,53.3,-11.65,7
109,13341.38,33.41,-16.66,10
110,15974.09,59.74,-8.04,7
111,18522.21,85.22,-11.3,10
112,9739.65,-2.6,-11.76,6
113,19467.68,94.68,-6.75,7
114,17570.0,75.7,-8.37,10
115,18169.85,81.7,-4.88,5
116,19545.51,95.46,-10.5,9
117,16348.56,63.49,-11.65,7
118,17978.96,79.79,-8.31,7
119,18382.98,83.83,-5.35,4
120,12850.02,28.5,-11.56,8
121,12779.04,27.79,-10.27,9
122,20647.07,106.47,-7.58,7
123,20965.82,109.66,-5.35,6
124,16385.8,63.86,-5.68,7
125,22829.61,128.3,-5.39,6
126,18007.44,80.07,-7.64,6
127,14168.46,41.68,-9.33,8
128,13996.58,39.97,-8.5,6
129,15779.83,57.8,-7.46,7
130,21318.02,113.18,-5.04,5
131,11968.68,19.69,-10.14,10
132,19397.23,93.97,-7.51,8
133,23503.95,135.04,-6.03,5
134,10909.48,9.09,-16.71,8
135,15296.52,52.97,-8.86,9
136,12997.85,29.98,-15.5,7
137,19431.09,94.31,-5.55,4
138,18536.13,85.36,-9.27,5
139,16873.43,68.73,-8.21,5
140,13542.54,35.43,-10.95,5
141,15509.41,55.09,-7.3,5
142,11836.98,18.37,-11.61,6
143,15734.28,57.34,-13.88,6
144,14137.4,41.37,-8.91,5
145,20406.76,104.07,-8.74,9
146,16652.1,66.52,-8.8,6
147,18564.43,85.64,-12.33,6
148,15414.46,54.14,-7.31,7
149,16569.97,65.7,-7.98,7
150,16825.14,68.25,-9.62,8
151,20302.34,103.02,-4.7,5
152,18629.14,86.29,-8.01,6
153,14579.75,45.8,-10.31,9
154,27001.05,170.01,-5.03,6
155,12345.1,23.45,-6.52,6
156,17562.63,75.63,-6.96,7
157,13757.94,37.58,-9.19,7
158,13968.32,39.68,-10.34,7
159,15586.59,55.87,-8.75,5
160,12733.81,27.34,-12.74,7
161,15292.09,52.92,-6.36,6
162,14751.3,47.51,-9.07,8
163,19859.44,98.59,-8.36,7
164,15174.34,51.74,-6.85,5
165,17344.21,73.44,-7.92,5
166,14927.6,49.28,-15.25,8
167,14214.41,42.14,-5.6,5
168,17029.62,70.3,-7.89,6
169,16353.01,63.53,-8.37,8
170,14962.0,49.62,-7.26,5
171,15733.78,57.34,-7.62,9
172,10752.18,7.52,-14.77,8
173,17075.88,70.76,-10.88,6
174,17430.29,74.3,-7.49,5
175,17919.47,79.19,-7.28,6
176,12510.88,25.11,-10.06,6
177,15027.36,50.27,-13.73,9
178,12494.85,24.95,-19.02,9
179,16094.38,60.94,-8.07,5
180,12582.12,25.82,-15.84,10
181,17216.66,72.17,-6.02,6
182,13580.06,35.8,-8.95,7
183,15875.91,58.76,-9.15,7
184,23671.31,136.71,-5.4,7
185,16980.76,69.81,-11.63,7
186,16417.1,64.17,-11.9,6
187,19150.25,91.5,-7.13,6
188,17868.53,78.69,-6.39,6
189,18575.16,85.75,-8.76,5
190,13874.92,38.75,-10.58,5
191,10428.38,4.28,-21.61,10
192,14047.2,40.47,-6.34,7
193,17768.7,77.69,-7.02,6
194,14271.76,42.72,-13.69,5
195,15660.86,56.61,-8.7,7
196,13360.84,33.61,-7.93,6
197,18204.26,82.04,-5.12,4
198,16845.71,68.46,-7.93,4
199,18266.43,82.66,-11.03,7
200,19577.13,95.77,-5.41,5
201,15048.19,50.48,-10.18,6
202,15262.15,52.62,-8.81,7
203,15168.8,51.69,-6.83,7
204,17638.12,76.38,-10.3,8
205,15958.82,59.59,-6.86,6
206,15448.3,54.48,-13.38,11
207,13063.05,30.63,-8.18,5
208,21499.08,114.99,-10.17,4
209,19652.49,96.52,-5.76,5
210,16579.95,65.8,-8.02,7
211,17428.63,74.29,-7.33,6
212,17830.96,78.31,-7.41,5
213,15223.18,52.23,-8.87,6
214,19701.27,97.01,-6.08,5
215,11994.32,19.94,-7.74,7
216,14076.9,40.77,-11.81,7
217,17502.5,75.03,-6.96,6
218,13752.42,37.52,-8.64,7
219,16219.69,62.2,-9.62,10
220,19292.9,92.93,-3.94,6
221,22610.93,126.11,-7.99,7
222,13484.86,34.85,-10.67,8
223,15320.13,53.2,-9.84,8
224,12935.74,29.36,-14.53,7
225,25664.97,156.65,-4.81,4
226,13016.38,30.16,-9.73,8
227,14061.42,40.61,-10.88,12
228,19670.38,96.7,-7.02,7
229,16203.63,62.04,-14.57,8
230,16590.75,65.91,-7.25,6
231,16750.52,67.51,-7.72,7
232,15945.12,59.45,-7.07,6
233,17328.91,73.29,-5.72,6
234,10970.11,9.7,-12.56,6
235,15701.84,57.02,-10.68,9
236,14405.77,44.06,-7.87,6
237,16534.5,65.34,-11.55,8
238,14280.64,42.81,-9.38,4
239,19995.71,99.96,-5.15,6
240,14339.85,43.4,-16.71,7
241,21838.54,118.39,-8.15,6
242,15719.62,57.2,-8.87,9
243,13189.18,31.89,-8.38,8
244,13989.78,39.9,-10.22,12
245,14259.33,42.59,-10.76,6
246,9688.21,-3.12,-14.77,8
247,16559.35,65.59,-8.56,6
248,15175.35,51.75,-10.27,6
249,17527.2,75.27,-5.28,4
250,17284.48,72.84,-10.13,7
251,17983.61,79.84,-10.94,7
252,16131.65,61.32,-12.33,9
253,20479.41,104.79,-7.37,7
254,18208.26,82.08,-10.24,7
255,16723.29,67.23,-7.54,6
256,22054.21,120.54,-8.05,7
257,17468.74,74.69,-8.04,9
258,14278.95,42.79,-8.9,6
259,16145.05,61.45,-8.44,6
260,13304.47,33.04,-8.19,6
261,12857.84,28.58,-10.51,7
262,14760.44,47.6,-9.7,6
263,16784.73,67.85,-6.18,6
264,14325.48,43.25,-9.41,6
265,14704.62,47.05,-10.82,9
266,14430.41,44.3,-7.52,5
267,14664.65,46.65,-15.32,8
268,14376.5,43.76,-8.75,6
269,18096.19,80.96,-5.87,6
270,16091.2,60.91,-11.75,7
271,15304.8,53.05,-9.38,6
272,14522.45,45.22,-10.18,6
273,12083.68,20.84,-13.87,7
274,16658.27,66.58,-10.93,6
275,14706.55,47.07,-12.45,7
276,20029.77,100.3,-8.52,7
277,14318.26,43.18,-11.78,8
278,15990.4,59.9,-8.2,6
279,13605.59,36.06,-9.78,7
280,13934.01,39.34,-6.71,6
281,13840.45,38.4,-9.85,6
282,14285.65,42.86,-10.17,7
283,15411.7,54.12,-8.56,6
284,17242.22,72.42,-8.33,9
285,19337.08,93.37,-8.64,8
286,23113.51,131.14,-4.46,5
287,15256.63,52.57,-8.01,5
288,17512.01,75.12,-6.06,6
289,20158.49,101.58,-7.75,6
290,12892.97,28.93,-8.12,8
291,18004.14,80.04,-10.16,6
292,16158.79,61.59,-11.26,5
293,15981.25,59.81,-8.35,7
294,16985.63,69.86,-10.81,6
295,17854.1,78.54,-11.74,6
296,16064.36,60.64,-6.42,6
297,11557.7,15.58,-13.43,6
298,23245.3,132.45,-5.89,6
299,13011.33,30.11,-9.6,5
300,15314.81,53.15,-10.1,5
301,15416.43,54.16,-10.85,8
302,22110.95,121.11,-6.65,5
303,16924.82,69.25,-10.06,7
304,13469.28,34.69,-6.69,7
305,13814.46,38.14,-11.67,8
306,18393.42,83.93,-7.32,8
307,17941.29,79.41,-6.64,5
308,13594.64,35.95,-8.0,7
309,15186.83,51.87,-8.32,7
310,16882.17,68.82,-7.86,9
311,9937.68,-0.62,-20.48,6
312,19593.61,95.94,-11.2,6
313,14446.8,44.47,-14.63,8
314,17314.74,73.15,-6.07,7
315,16535.35,65.35,-7.18,5
316,11505.58,15.06,-14.26,8
317,16547.33,65.47,-7.92,6
318,21506.97,115.07,-4.51,4
319,18477.13,84.77,-5.52,3
320,17444.46,74.44,-6.62,6
321,18308.12,83.08,-6.69,7
322,14486.24,44.86,-10.13,5
323,14037.06,40.37,-10.71,8
324,15477.8,54.78,-7.36,9
325,16304.13,63.04,-8.81,5
326,14839.89,48.4,-9.54,9
327,13169.02,31.69,-8.29,5
328,10898.33,8.98,-9.91,7
329,16937.76,69.38,-6.1,5
330,13626.6,36.27,-11.69,6
331,15072.11,50.72,-8.06,10
332,13285.16,32.85,-8.57,6
333,14065.38,40.65,-8.73,5
334,17346.79,73.47,-9.78,4
335,21441.97,114.42,-6.2,6
336,14332.95,43.33,-11.68,6
337,18923.76,89.24,-6.77,4
338,13014.87,30.15,-8.99,7
339,17928.72,79.29,-6.51,8
340,13457.68,34.58,-13.88,7
341,13779.33,37.79,-7.75,6
342,16525.02,65.25,-9.7,7
343,16594.62,65.95,-9.08,7
344,16478.77,64.79,-11.67,8
345,15853.11,58.53,-6.59,5
346,15767.25,57.67,-6.35,6
347,10688.18,6.88,-15.39,6
348,17422.44,74.22,-9.32,6
349,14769.34,47.69,-8.84,5
350,13283.15,32.83,-13.55,9
351,17283.28,72.83,-5.18,5
352,12516.99,25.17,-17.73,7
353,17832.38,78.32,-9.09,8
354,13705.15,37.05,-8.18,7
355,15726.6,57.27,-8.09,8
356,15337.41,53.37,-6.43,5
357,13681.18,36.81,-13.69,11
358,11047.91,10.48,-13.38,5
359,19434.21,94.34,-8.75,7
360,18263.49,82.63,-8.19,6
361,14488.35,44.88,-12.24,7
362,16035.51,60.36,-10.32,8
363,19141.37,91.41,-4.78,4
364,16651.68,66.52,-8.15,6
365,19030.65,90.31,-5.35,5
366,21956.47,119.56,-3.87,3
367,15869.18,58.69,-8.91,7
368,16672.47,66.72,-5.94,7
369,11449.9,14.5,-13.8,8
370,13677.36,36.77,-13.33,11
371,13127.64,31.28,-10.75,6
372,12975.47,29.75,-11.08,6
373,19188.93,91.89,-6.17,5
374,16581.62,65.82,-8.29,5
375,14766.02,47.66,-12.59,7
376,18922.94,89.23,-7.84,6
377,17487.16,74.87,-4.98,5
378,15122.54,51.23,-9.94,6
379,13067.49,30.67,-15.45,7
380,16901.41,69.01,-7.88,8
381,13237.69,32.38,-10.99,5
382,13034.12,30.34,-11.27,7
383,15350.44,53.5,-11.5,8
384,13594.29,35.94,-18.69,6
385,20255.95,102.56,-7.81,5
386,15124.42,51.24,-14.39,7
387,14499.36,44.99,-10.48,9
388,13700.42,37.0,-12.95,8
389,15890.4,58.9,-13.04,9
390,22930.39,129.3,-8.83,8
391,13089.78,30.9,-9.5,6
392,20386.08,103.86,-10.12,6
393,15065.41,50.65,-9.61,5
394,14017.54,40.18,-11.09,8
395,15506.04,55.06,-6.51,7
396,15335.41,53.35,-11.48,7
397,16327.78,63.28,-10.18,8
398,16755.58,67.56,-15.64,10
399,18364.81,83.65,-7.51,5
400,16909.01,69.09,-6.14,5
401,18378.74,83.79,-8.72,6
402,14362.56,43.63,-10.91,7
403,13992.12,39.92,-6.54,5
404,18535.89,85.36,-4.86,7
405,16621.62,66.22,-5.99,7
406,16582.22,65.82,-9.34,7
407,13236.25,32.36,-8.67,6
408,15830.96,58.31,-10.86,10
409,15943.6,59.44,-6.04,5
410,15301.71,53.02,-6.54,6
411,16810.97,68.11,-7.08,6
412,14054.17,40.54,-8.31,5
413,16904.73,69.05,-8.01,6
414,14076.38,40.76,-9.12,8
415,15018.3,50.18,-5.85,6
416,14939.5,49.39,-5.42,5
417,14223.27,42.23,-11.54,6
418,14327.78,43.28,-6.49,8
419,16291.33,62.91,-5.91,6
420,14181.33,41.81,-7.32,7
421,13708.08,37.08,-9.99,6
422,13882.08,38.82,-6.98,5
423,13961.19,39.61,-8.4,8
424,16319.85,63.2,-7.49,7
425,15774.74,57.75,-6.86,5
426,14039.13,40.39,-5.44,4
427,15729.65,57.3,-10.09,6
428,17755.76,77.56,-5.97,5
429,14085.15,40.85,-6.41,8
430,17534.64,75.35,-10.6,9
431,15892.95,58.93,-10.71,8
432,15782.48,57.82,-12.41,7
433,20879.82,108.8,-6.45,4
434,18243.76,82.44,-5.53,5
435,13690.13,36.9,-8.55,5
436,16363.74,63.64,-11.34,7
437,12757.29,27.57,-15.18,6
438,15819.24,58.19,-12.57,6
439,19171.27,91.71,-10.63,8
440,17316.48,73.16,-9.59,6
441,17329.38,73.29,-6.72,7
442,12934.45,29.34,-14.84,9
443,13695.37,36.95,-8.61,5
444,19907.15,99.07,-5.92,5
445,12432.2,24.32,-8.99,8
446,18457.0,84.57,-6.05,6
447,14791.16,47.91,-9.96,7
448,25036.02,150.36,-7.63,4
449,15664.09,56.64,-7.17,5
450,13338.57,33.39,-9.52,7
451,13637.41,36.37,-11.37,12
452,15180.25,51.8,-7.53,7
453,17833.97,78.34,-6.99,5
454,17439.51,74.4,-6.54,8
455,17862.03,78.62,-11.67,7
456,19301.78,93.02,-5.52,4
457,13443.59,34.44,-7.62,6
458,14581.45,45.81,-7.91,7
459,13250.07,32.5,-12.01,11
460,10580.9,5.81,-11.92,7
461,16445.0,64.45,-8.59,7
462,14380.66,43.81,-8.65,5
463,18786.42,87.86,-7.59,5
464,14650.66,46.51,-7.23,8
465,18106.59,81.07,-6.87,7
466,18641.5,86.41,-7.64,5
467,13419.31,34.19,-6.87,5
468,15601.13,56.01,-5.87,7
469,16933.82,69.34,-9.22,7
470,18599.9,86.0,-4.74,6
471,17451.49,74.51,-5.96,4
472,13997.63,39.98,-8.76,6
473,18406.63,84.07,-6.79,7
474,15788.0,57.88,-7.66,5
475,25387.09,153.87,-6.51,9
476,16107.76,61.08,-12.91,5
477,19963.78,99.64,-10.72,14
478,17693.48,76.93,-6.89,4
479,12912.19,29.12,-7.22,7
480,16279.77,62.8,-8.43,4
481,16252.42,62.52,-8.76,5
482,18041.52,80.42,-8.59,5
483,13274.68,32.75,-9.61,5
484,15982.5,59.83,-12.46,5
485,17831.02,78.31,-4.51,6
486,17451.56,74.52,-8.04,6
487,13829.26,38.29,-7.61,6
488,17147.92,71.48,-7.89,5
489,14588.85,45.89,-8.2,5
490,14983.38,49.83,-8.46,7
491,16631.2,66.31,-8.24,10
492,16171.49,61.71,-6.17,5
493,18084.33,80.84,-5.58,5
494,16710.82,67.11,-7.95,5
495,15051.03,50.51,-11.61,6
496,16740.71,67.41,-10.1,6
497,16184.52,61.85,-7.11,6
498,16110.53,61.11,-7.96,5
499,13226.32,32.26,-10.75,7
500,14043.74,40.44,-7.84,6
501,20006.21,100.06,-11.01,4
502,13058.19,30.58,-10.32,7
503,17844.57,78.45,-7.53,7
504,12640.89,26.41,-9.52,5
505,18632.33,86.32,-5.79,6
506,14377.36,43.77,-7.56,5
507,18391.16,83.91,-7.25,7
508,17148.05,71.48,-8.51,8
509,18077.77,80.78,-8.67,4
510,14788.12,47.88,-7.44,8
511,18543.77,85.44,-6.35,6
512,12962.66,29.63,-9.1,7
513,12607.65,26.08,-11.5,7
514,13514.15,35.14,-9.7,8
515,13177.86,31.78,-12.48,14
516,16413.07,64.13,-10.49,8
517,17319.91,73.2,-6.82,6
518,15483.56,54.84,-12.48,8
519,15982.52,59.83,-6.33,7
520,13727.34,37.27,-11.07,5
521,15131.23,51.31,-9.52,5
522,16501.89,65.02,-12.74,6
523,15189.31,51.89,-9.47,4
524,12611.6,26.12,-16.71,11
525,19549.38,95.49,-10.82,4
526,19898.85,98.99,-6.44,6
527,16779.07,67.79,-6.68,5
528,18151.56,81.52,-5.85,6
529,20942.41,109.42,-7.14,6
530,15991.74,59.92,-10.69,6
531,14476.35,44.76,-6.58,4
532,15060.13,50.6,-12.3,7
533,15196.4,51.96,-10.24,5
534,16527.26,65.27,-9.63,5
535,14819.48,48.19,-6.47,8
536,21028.78,110.29,-5.36,5
537,18677.85,86.78,-9.01,8
538,19018.43,90.18,-6.48,5
539,14230.19,42.3,-6.05,6
540,21309.53,113.1,-5.85,6
541,15388.86,53.89,-10.28,7
542,20957.79,109.58,-7.23,5
543,18207.66,82.08,-5.87,5
544,14809.59,48.1,-8.61,8
545,16881.04,68.81,-7.89,7
546,13921.56,39.22,-16.99,6
547,18614.53,86.15,-7.84,6
548,17344.89,73.45,-5.92,6
549,16996.62,69.97,-7.1,5
550,17565.78,75.66,-9.94,5
551,21231.45,112.31,-8.74,5
552,16139.23,61.39,-8.7,6
553,23439.76,134.4,-7.62,9
554,13776.6,37.77,-8.8,5
555,18879.99,88.8,-7.05,7
556,14710.68,47.11,-7.78,5
557,12162.79,21.63,-9.16,6
558,11430.58,14.31,-13.79,6
559,20227.99,102.28,-10.22,5
560,19858.34,98.58,-5.93,6
561,17390.2,73.9,-7.42,5
562,16542.98,65.43,-7.37,6
563,21774.08,117.74,-5.88,5
564,16444.71,64.45,-7.76,9
565,14664.34,46.64,-9.45,5
566,24153.38,141.53,-6.07,4
567,15097.67,50.98,-8.43,7
568,15479.43,54.79,-9.29,7
569,14721.15,47.21,-7.67,5
570,15039.98,50.4,-7.67,4
571,11151.78,11.52,-12.93,5
572,15230.74,52.31,-10.64,9
573,11727.2,17.27,-8.97,9
574,13453.58,34.54,-9.13,9
575,13900.87,39.01,-8.27,9
576,17844.21,78.44,-6.06,5
577,11592.99,15.93,-21.16,11
578,13631.78,36.32,-8.79,9
579,19301.88,93.02,-8.2,5
580,19162.14,91.62,-8.73,6
581,16678.38,66.78,-6.96,5
582,15598.47,55.98,-8.7,6
583,15214.63,52.15,-6.6,5
584,16327.56,63.28,-8.72,6
585,19472.22,94.72,-7.4,6
586,15737.54,57.38,-7.65,6
587,13389.38,33.89,-13.25,6
588,14751.82,47.52,-5.85,5
589,15218.85,52.19,-12.53,7
590,15599.41,55.99,-10.4,8
591,16571.28,65.71,-6.25,5
592,15822.64,58.23,-6.29,6
593,12853.91,28.54,-12.07,8
594,17311.5,73.12,-7.77,6
595,16396.36,63.96,-9.8,7
596,17514.29,75.14,-6.12,6
597,13827.88,38.28,-9.91,7
598,10352.38,3.52,-13.13,6
599,13774.58,37.75,-8.82,7
600,22065.89,120.66,-9.14,7
601,15854.0,58.54,-6.74,5
602,17531.59,75.32,-7.1,5
603,17718.96,77.19,-9.45,7
604,19771.1,97.71,-6.72,5
605,14296.34,42.96,-9.44,7
606,16796.65,67.97,-8.5,7
607,15266.95,52.67,-8.4,7
608,17691.78,76.92,-17.25,6
609,19115.69,91.16,-12.42,7
610,13679.6,36.8,-9.47,6
611,15760.99,57.61,-11.38,6
612,18080.15,80.8,-13.57,7
613,14797.53,47.98,-8.84,6
614,19269.27,92.69,-10.01,5
615,20316.71,103.17,-5.49,5
616,17243.39,72.43,-7.69,7
617,16037.42,60.37,-7.63,6
618,14595.47,45.95,-10.04,7
619,15331.76,53.32,-12.61,6
620,19205.84,92.06,-7.31,5
621,17467.3,74.67,-5.82,6
622,16904.87,69.05,-9.99,7
623,16275.46,62.75,-5.51,5
624,12644.12,26.44,-10.98,7
625,14869.51,48.7,-8.79,7
626,14794.83,47.95,-4.83,5
627,12757.47,27.57,-9.4,7
628,14656.36,46.56,-11.69,5
629,16160.01,61.6,-5.23,6
630,16137.77,61.38,-8.51,6
631,19454.75,94.55,-10.94,5
632,19592.87,95.93,-10.0,5
633,15670.88,56.71,-7.75,4
634,16901.99,69.02,-6.97,5
635,14974.35,49.74,-7.25,5
636,16438.05,64.38,-9.3,5
637,24072.93,140.73,-7.53,5
638,14172.53,41.73,-11.77,6
639,19453.1,94.53,-11.26,5
640,21356.48,113.56,-4.93,5
641,16370.76,63.71,-8.33,6
642,17132.53,71.33,-5.66,5
643,10471.28,4.71,-12.18,8
644,16542.03,65.42,-8.34,5
645,20555.63,105.56,-5.09,5
646,19002.77,90.03,-11.17,7
647,17483.83,74.84,-4.96,6
648,16018.25,60.18,-10.19,8
649,20787.62,107.88,-5.98,6
650,16580.1,65.8,-7.0,7
651,17353.23,73.53,-13.69,8
652,17882.63,78.83,-5.41,7
653,15873.76,58.74,-12.16,5
654,16711.2,67.11,-5.85,6
655,15211.18,52.11,-11.22,7
656,17911.11,79.11,-8.27,4
657,15944.92,59.45,-12.13,5
658,15961.87,59.62,-7.59,7
659,17433.69,74.34,-6.51,5
660,14760.99,47.61,-15.59,9
661,16883.45,68.83,-8.9,7
662,12988.7,29.89,-13.42,6
663,15668.86,56.69,-7.97,9
664,14733.71,47.34,-8.41,6
665,14798.87,47.99,-20.31,8
666,21289.29,112.89,-10.36,5
667,11738.81,17.39,-8.43,5
668,19698.71,96.99,-5.96,5
669,19267.96,92.68,-8.69,6
670,18279.52,82.8,-10.78,5
671,13519.84,35.2,-8.97,9
672,16028.78,60.29,-5.74,7
673,12680.99,26.81,-13.02,9
674,17656.89,76.57,-7.62,5
675,15289.39,52.89,-12.23,10
676,17758.23,77.58,-7.7,7
677,16270.27,62.7,-7.27,7
678,20713.3,107.13,-8.34,8
679,15002.31,50.02,-7.17,8
680,18039.1,80.39,-8.25,7
681,17255.11,72.55,-5.28,5
682,16554.57,65.55,-9.44,6
683,15398.75,53.99,-7.01,8
684,17153.81,71.54,-9.51,8
685,12727.91,27.28,-12.02,6
686,20694.67,106.95,-5.62,7
687,12732.96,27.33,-8.94,7
688,16328.54,63.29,-11.51,7
689,13931.04,39.31,-19.11,7
690,19590.19,95.9,-6.75,7
691,17821.65,78.22,-9.28,7
692,14830.06,48.3,-13.99,9
693,20494.31,104.94,-7.62,8
694,16555.1,65.55,-8.3,10
695,15321.88,53.22,-12.7,6
696,15714.45,57.14,-9.07,7
697,15685.6,56.86,-8.83,8
698,14407.58,44.08,-7.35,7
699,17249.64,72.5,-6.64,7
700,18225.65,82.26,-7.37,5
701,15217.09,52.17,-7.04,6
702,16382.11,63.82,-9.23,9
703,13110.36,31.1,-12.33,6
704,18624.88,86.25,-7.91,5
705,17509.57,75.1,-6.25,4
706,12125.55,21.26,-13.51,7
707,16001.8,60.02,-7.56,6
708,17622.84,76.23,-9.3,6
709,16432.57,64.33,-6.77,5
710,18167.75,81.68,-8.98,6
711,15893.18,58.93,-6.58,5
712,19688.16,96.88,-6.45,5
713,16160.19,61.6,-8.58,9
714,16252.8,62.53,-5.27,6
715,17118.62,71.19,-8.25,7
716,15126.22,51.26,-9.73,7
717,20665.42,106.65,-13.71,6
718,14753.41,47.53,-9.49,5
719,17084.86,70.85,-8.69,7
720,16950.08,69.5,-11.71,7
721,14921.6,49.22,-8.63,7
722,14706.42,47.06,-12.14,5
723,15278.61,52.79,-7.88,4
724,21897.87,118.98,-5.34,4
725,20215.4,102.15,-8.6,7
726,16861.65,68.62,-10.05,7
727,19221.99,92.22,-8.2,6
728,19471.57,94.72,-7.88,6
729,18912.15,89.12,-8.27,8
730,11050.98,10.51,-15.75,9
731,18945.85,89.46,-6.35,7
732,16688.53,66.89,-9.44,8
733,17477.55,74.78,-6.74,6
734,17026.69,70.27,-11.44,13
735,15453.1,54.53,-11.4,5
736,14911.47,49.11,-8.98,7
737,15819.18,58.19,-9.83,6
738,20470.87,104.71,-9.42,5
739,16434.4,64.34,-9.9,5
740,18615.04,86.15,-11.29,7
741,24591.41,145.91,-10.66,10
742,19696.44,96.96,-8.13,10
743,13126.5,31.27,-10.68,8
744,22582.65,125.83,-7.55,7
745,16341.48,63.41,-6.91,5
746,14217.42,42.17,-11.17,6
747,12516.29,25.16,-13.07,7
748,12200.81,22.01,-9.69,9
749,13661.04,36.61,-7.79,6
750,17300.61,73.01,-5.67,7
751,13412.38,34.12,-9.93,8
752,12037.21,20.37,-11.97,8
753,17927.15,79.27,-8.85,8
754,14539.19,45.39,-7.85,6
755,17718.27,77.18,-6.89,5
756,20335.84,103.36,-5.58,4
757,19148.73,91.49,-7.44,5
758,11158.02,11.58,-15.71,8
759,15229.62,52.3,-8.73,6
760,17863.03,78.63,-5.85,8
761,15087.2,50.87,-10.26,5
762,21796.67,117.97,-4.9,5
763,17722.4,77.22,-12.64,6
764,13745.02,37.45,-14.66,6
765,16181.16,61.81,-7.55,6
766,20776.76,107.77,-8.63,4
767,23622.01,136.22,-6.89,5
768,17645.23,76.45,-6.53,7
769,18788.61,87.89,-7.99,5
770,18566.7,85.67,-7.28,7
771,15676.11,56.76,-9.81,6
772,14807.55,48.08,-10.12,10
773,18177.52,81.78,-9.07,6
774,13700.75,37.01,-14.04,9
775,15980.32,59.8,-6.53,5
776,16309.36,63.09,-4.96,5
777,19383.06,93.83,-5.87,7
778,16870.67,68.71,-8.06,6
779,18551.3,85.51,-7.38,6
780,15120.48,51.2,-11.47,5
781,17301.84,73.02,-12.08,8
782,14415.14,44.15,-5.9,7
783,17914.71,79.15,-5.17,5
784,17520.81,75.21,-4.77,5
785,17778.2,77.78,-7.6,7
786,20465.7,104.66,-5.63,4
787,14249.74,42.5,-8.93,4
788,18378.76,83.79,-5.17,5
789,22955.99,129.56,-6.24,5
790,21815.95,118.16,-5.31,7
791,13101.15,31.01,-7.92,6
792,14873.51,48.74,-6.48,6
793,15517.36,55.17,-9.24,5
794,21948.57,119.49,-6.16,7
795,17364.85,73.65,-6.33,6
796,16620.72,66.21,-5.3,5
797,17600.55,76.01,-5.91,4
798,13593.26,35.93,-11.83,9
799,15965.89,59.66,-9.75,5
800,16292.32,62.92,-7.73,8
801,21240.64,112.41,-6.05,8
802,17858.33,78.58,-5.32,4
803,17665.5,76.66,-6.31,6
804,14077.6,40.78,-6.36,5
805,13578.82,35.79,-10.54,6
806,20289.93,102.9,-9.93,6
807,16115.08,61.15,-8.21,6
808,17605.07,76.05,-10.12,10
809,18230.56,82.31,-12.26,6
810,19284.78,92.85,-6.96,4
811,19154.76,91.55,-7.23,6
812,18688.89,86.89,-8.7,8
813,15070.64,50.71,-8.55,9
814,12653.65,26.54,-13.78,8
815,16644.45,66.44,-8.23,8
816,19257.52,92.58,-7.48,7
817,17562.86,75.63,-7.79,6
818,19561.6,95.62,-6.33,6
819,14066.49,40.66,-7.95,5
820,12691.12,26.91,-14.08,7
821,16957.71,69.58,-9.51,5
822,17834.51,78.35,-8.51,5
823,17941.24,79.41,-3.71,4
824,14716.18,47.16,-8.39,6
825,15418.65,54.19,-10.45,9
826,19880.68,98.81,-6.34,8
827,11915.03,19.15,-12.37,7
828,16678.4,66.78,-6.74,7
829,15428.58,54.29,-10.67,4
830,20183.23,101.83,-4.91,5
831,16895.22,68.95,-7.0,7
832,15967.21,59.67,-10.76,9
833,14965.44,49.65,-14.29,8
834,23675.25,136.75,-8.27,5
835,16331.99,63.32,-9.38,7
836,19400.35,94.0,-9.2,8
837,17834.45,78.34,-7.73,6
838,18825.22,88.25,-9.78,6
839,11080.9,10.81,-13.4,9
840,18032.21,80.32,-7.45,4
841,20473.63,104.74,-6.82,6
842,14924.56,49.25,-7.18,5
843,14432.44,44.32,-8.72,7
844,15080.76,50.81,-11.73,7
845,14699.13,46.99,-10.78,12
846,15372.85,53.73,-7.27,7
847,14359.36,43.59,-7.01,6
848,14577.31,45.77,-9.56,7
849,17503.27,75.03,-10.77,6
850,15305.99,53.06,-9.43,8
851,17326.14,73.26,-6.98,5
852,16010.57,60.11,-9.09,6
853,19847.86,98.48,-4.86,5
854,14606.07,46.06,-6.4,5
855,12671.42,26.71,-9.85,6
856,14085.43,40.85,-10.78,9
857,15086.01,50.86,-9.65,6
858,19335.51,93.36,-8.03,5
859,23709.22,137.09,-7.05,5
860,14476.23,44.76,-10.37,6
861,15622.74,56.23,-7.29,8
862,16619.6,66.2,-7.26,7
863,17181.09,71.81,-9.59,6
864,12684.95,26.85,-11.86,6
865,16427.29,64.27,-7.98,7
866,19945.0,99.45,-5.88,5
867,15063.84,50.64,-6.87,7
868,14899.63,49.0,-7.19,4
869,14770.5,47.71,-8.38,6
870,17028.15,70.28,-6.96,7
871,18256.13,82.56,-6.47,4
872,13945.32,39.45,-13.54,6
873,13970.32,39.7,-12.5,8
874,15536.13,55.36,-10.69,9
875,13319.61,33.2,-9.91,6
876,13973.45,39.73,-9.56,6
877,13403.09,34.03,-13.64,8
878,14228.46,42.28,-8.95,5
879,14783.93,47.84,-7.57,5
880,12167.29,21.67,-15.1,7
881,14398.14,43.98,-9.41,5
882,16618.46,66.18,-5.45,5
883,18895.16,88.95,-6.69,5
884,17434.9,74.35,-10.8,6
885,17319.9,73.2,-6.89,8
886,17400.33,74.0,-6.95,4
887,13278.7,32.79,-9.81,7
888,14944.47,49.44,-6.43,8
889,15447.78,54.48,-10.2,11
890,16534.6,65.35,-5.9,4
891,14167.85,41.68,-14.22,6
892,18372.32,83.72,-10.5,4
893,19231.27,92.31,-8.91,4
894,19121.32,91.21,-7.69,6
895,12457.65,24.58,-11.81,8
896,16906.4,69.06,-6.87,6
897,18858.52,88.59,-7.31,4
898,14085.83,40.86,-10.01,6
899,14816.35,48.16,-10.1,5
900,19059.89,90.6,-7.1,5
901,15706.98,57.07,-8.27,7
902,12039.19,20.39,-14.65,11
903,18572.77,85.73,-8.51,5
904,15378.12,53.78,-9.58,6
905,17353.81,73.54,-6.53,5
906,17184.64,71.85,-7.9,5
907,12285.51,22.86,-12.2,11
908,15221.66,52.22,-9.01,7
909,22816.41,128.16,-9.42,6
910,14253.2,42.53,-10.14,6
911,16689.1,66.89,-9.28,6
912,19327.55,93.28,-9.08,5
913,13529.44,35.29,-13.75,10
914,13083.34,30.83,-13.4,10
915,15323.75,53.24,-6.17,7
916,20653.83,106.54,-7.21,5
917,14788.29,47.88,-15.61,6
918,17429.16,74.29,-9.46,9
919,16539.45,65.39,-7.89,6
920,23122.61,131.23,-7.56,5
921,25822.7,158.23,-5.17,7
922,14428.76,44.29,-8.96,7
923,16474.63,64.75,-7.71,5
924,15700.55,57.01,-6.29,6
925,13688.92,36.89,-11.25,7
926,16206.51,62.07,-8.09,6
927,16515.31,65.15,-5.52,6
928,19304.64,93.05,-6.97,7
929,16621.98,66.22,-6.95,7
930,15206.2,52.06,-7.45,6
931,23325.55,133.26,-6.98,5
932,18005.67,80.06,-5.54,5
933,18309.22,83.09,-7.19,6
934,19615.95,96.16,-4.8,5
935,15105.85,51.06,-10.44,7
936,13288.14,32.88,-6.95,6
937,14005.73,40.06,-7.22,7
938,13136.62,31.37,-10.29,8
939,14598.45,45.98,-11.29,7
940,16234.39,62.34,-13.75,10
941,16024.5,60.25,-8.64,6
942,21938.58,119.39,-5.96,9
943,16992.63,69.93,-6.29,6
944,16836.65,68.37,-11.61,6
945,16040.04,60.4,-10.02,6
946,13031.76,30.32,-13.04,8
947,19390.3,93.9,-4.9,5
948,12027.84,20.28,-8.51,6
949,16441.37,64.41,-12.33,8
950,18328.46,83.28,-18.81,6
951,16534.6,65.35,-9.03,5
952,16046.03,60.46,-6.79,7
953,17013.38,70.13,-6.03,5
954,17022.15,70.22,-9.12,11
955,18951.85,89.52,-5.94,5
956,14513.81,45.14,-10.54,8
957,19512.71,95.13,-5.16,5
958,18017.38,80.17,-6.34,5
959,15785.57,57.86,-11.87,7
960,15557.42,55.57,-7.84,5
961,15551.77,55.52,-8.36,5
962,14896.48,48.96,-6.57,5
963,17639.83,76.4,-12.48,7
964,17004.61,70.05,-12.28,7
965,15741.42,57.41,-7.25,6
966,17079.84,70.8,-10.73,5
967,17739.8,77.4,-5.71,5
968,14789.93,47.9,-7.63,8
969,21284.47,112.84,-4.49,5
970,18619.33,86.19,-6.08,5
971,19854.83,98.55,-5.58,4
972,13046.13,30.46,-8.5,7
973,18591.47,85.91,-6.89,6
974,12176.7,21.77,-9.08,6
975,19238.24,92.38,-8.13,7
976,21961.04,119.61,-7.08,6
977,15415.91,54.16,-6.84,6
978,16161.57,61.62,-7.25,4
979,20194.79,101.95,-12.27,7
980,16386.49,63.86,-7.13,6
981,14855.38,48.55,-7.09,6
982,20074.84,100.75,-5.38,5
983,17113.66,71.14,-5.85,6
984,16912.37,69.12,-4.72,4
985,23419.07,134.19,-4.55,5
986,15730.74,57.31,-10.68,5
987,19578.53,95.79,-7.21,6
988,15011.07,50.11,-7.73,7
989,20169.9,101.7,-6.79,5
990,19592.02,95.92,-6.81,6
991,18947.17,89.47,-7.01,8
992,15797.07,57.97,-9.36,6
993,13818.86,38.19,-9.31,6
994,14660.32,46.6,-11.04,6
995,14658.09,46.58,-10.2,5
996,17443.74,74.44,-6.41,5
997,21953.02,119.53,-5.0,4
998,22032.36,120.32,-8.22,10
999,14910.09,49.1,-10.19,6
1000,18558.32,85.58,-4.67,6
1001,14440.23,44.4,-7.73,8
1002,17359.89,73.6,-5.37,6
1003,13703.92,37.04,-7.52,8
1004,17224.12,72.24,-9.63,6
1005,16606.81,66.07,-8.33,5
1006,18684.82,86.85,-6.87,7
1007,13856.45,38.56,-10.46,5
1008,16051.75,60.52,-9.92,7
1009,17104.92,71.05,-8.83,6
1010,13888.19,38.88,-10.59,6
1011,13953.64,39.54,-7.71,6
1012,15592.97,55.93,-8.38,5
1013,17585.97,75.86,-7.84,5
1014,17233.73,72.34,-7.44,6
1015,15518.96,55.19,-6.93,7
1016,14978.04,49.78,-8.13,6
1017,16707.75,67.08,-6.63,5
1018,20489.8,104.9,-8.62,5
1019,13587.19,35.87,-10.98,7
1020,19618.25,96.18,-8.09,6
1021,13910.6,39.11,-9.03,6
1022,17860.76,78.61,-10.11,6
1023,15311.95,53.12,-7.62,6
1024,12339.17,23.39,-15.42,11
1025,15166.38,51.66,-6.14,6
1026,17268.49,72.68,-4.97,5
1027,13417.55,34.18,-8.85,6
1028,19405.79,94.06,-10.53,6
1029,15752.22,57.52,-7.49,6
1030,16342.23,63.42,-7.43,6
1031,13975.6,39.76,-11.11,7
1032,16684.09,66.84,-6.92,7
1033,14746.71,47.47,-9.08,7
1034,18510.79,85.11,-6.5,6
1035,16021.86,60.22,-9.67,10
1036,17293.84,72.94,-5.85,6
1037,19710.63,97.11,-7.67,10
1038,14123.6,41.24,-7.15,7
1039,17437.84,74.38,-7.75,7
1040,14350.72,43.51,-10.8,5
1041,20291.96,102.92,-5.49,7
1042,23378.83,133.79,-4.48,4
1043,12176.94,21.77,-12.26,8
1044,19626.0,96.26,-9.15,7
1045,18404.35,84.04,-9.0,7
1046,16959.74,69.6,-6.48,5
1047,19380.38,93.8,-6.8,5
1048,17054.37,70.54,-10.4,6
1049,16323.51,63.24,-9.48,5
1050,16065.07,60.65,-7.17,6
1051,12949.74,29.5,-12.31,5
1052,13851.39,38.51,-10.41,7
1053,18909.42,89.09,-11.03,7
1054,17825.83,78.26,-6.26,6
1055,20601.88,106.02,-5.21,5
1056,15920.9,59.21,-8.4,7
1057,13686.0,36.86,-15.27,9
1058,12567.19,25.67,-11.16,7
1059,15625.59,56.26,-8.84,6
1060,16791.2,67.91,-7.39,8
1061,16965.29,69.65,-8.23,7
1062,12832.2,28.32,-10.83,7
1063,15431.71,54.32,-7.33,8
1064,15042.21,50.42,-5.46,6
1065,17711.26,77.11,-6.65,9
1066,13788.83,37.89,-8.9,7
1067,14968.09,49.68,-7.75,6
1068,14439.11,44.39,-10.18,9
1069,11733.47,17.33,-16.46,9
1070,16014.91,60.15,-7.11,6
1071,14091.05,40.91,-6.2,5
1072,15420.4,54.2,-9.79,5
1073,12149.14,21.49,-13.58,6
1074,15230.07,52.3,-8.83,5
1075,17478.61,74.79,-6.89,6
1076,16723.95,67.24,-8.77,5
1077,15195.9,51.96,-6.47,6
1078,21752.42,117.52,-5.45,4
1079,12142.71,21.43,-7.88,6
1080,16257.92,62.58,-6.46,6
1081,16899.09,68.99,-5.97,6
1082,14211.89,42.12,-7.16,4
1083,22573.36,125.73,-7.11,6
1084,16002.63,60.03,-9.18,9
1085,16298.95,62.99,-8.24,6
1086,17217.35,72.17,-7.3,7
1087,16781.87,67.82,-8.4,6
1088,22660.45,126.6,-4.35,5
1089,17317.71,73.18,-11.86,7
1090,16006.69,60.07,-10.53,8
1091,9728.3,-2.72,-19.19,6
1092,13684.83,36.85,-12.68,7
1093,15383.61,53.84,-9.84,7
1094,14593.94,45.94,-7.39,8
1095,15560.21,55.6,-7.4,7
1096,15721.54,57.22,-15.15,8
1097,12892.52,28.93,-7.19,8
1098,12585.99,25.86,-8.19,6
1099,15467.44,54.67,-5.64,6
1100,16958.47,69.58,-4.0,4
1101,13654.61,36.55,-7.62,5
1102,15410.1,54.1,-5.82,5
1103,13779.89,37.8,-7.27,7
1104,15191.7,51.92,-5.28,5
1105,21819.32,118.19,-5.37,4
1106,15404.39,54.04,-9.85,6
1107,18849.74,88.5,-6.96,4
1108,18195.54,81.96,-12.16,8
1109,20113.06,101.13,-7.57,6
1110,14287.35,42.87,-10.95,8
1111,14125.02,41.25,-10.91,8
1112,12354.08,23.54,-10.56,10
1113,18411.35,84.11,-6.47,7
1114,12554.64,25.55,-8.23,7
1115,15332.71,53.33,-6.34,5
1116,16636.91,66.37,-6.28,7
1117,19057.43,90.57,-10.34,6
1118,15787.92,57.88,-6.11,5
1119,17330.39,73.3,-8.7,6
1120,12346.74,23.47,-12.44,10
1121,15923.29,59.23,-5.79,5
1122,13482.49,34.82,-11.75,6
1123,14928.14,49.28,-10.28,7
1124,23439.39,134.39,-5.61,5
1125,9201.43,-7.99,-32.9,9
1126,17909.79,79.1,-6.81,8
1127,17801.03,78.01,-7.47,7
1128,12637.49,26.37,-11.47,7
1129,13628.93,36.29,-9.56,8
1130,17992.9,79.93,-7.19,6
1131,16473.21,64.73,-14.07,6
1132,9328.64,-6.71,-25.11,6
1133,14866.55,48.67,-5.99,7
1134,20366.51,103.67,-7.47,6
1135,18638.37,86.38,-8.48,6
1136,16564.36,65.64,-11.86,7
1137,19893.3,98.93,-6.5,6
1138,18580.73,85.81,-6.16,5
1139,19302.87,93.03,-6.57,4
1140,13510.87,35.11,-10.09,6
1141,13818.57,38.19,-7.92,6
1142,15366.0,53.66,-12.01,10
1143,15367.99,53.68,-10.51,10
1144,17759.83,77.6,-8.09,4
1145,15006.75,50.07,-7.7,6
1146,13276.76,32.77,-9.51,6
1147,16123.58,61.24,-15.3,8
1148,17856.5,78.57,-9.01,4
1149,15915.73,59.16,-6.57,5
1150,20323.6,103.24,-6.31,6
1151,13213.08,32.13,-10.28,5
1152,19387.86,93.88,-7.61,5
1153,18128.79,81.29,-4.17,6
1154,15237.09,52.37,-9.0,5
1155,19797.57,97.98,-8.02,8
1156,17143.7,71.44,-8.84,7
1157,14256.58,42.57,-10.22,4
1158,20002.04,100.02,-5.47,5
1159,14147.94,41.48,-16.16,8
1160,11341.47,13.41,-17.16,7
1161,15255.06,52.55,-10.09,10
1162,19268.84,92.69,-6.64,5
1163,10935.05,9.35,-11.47,8
1164,16259.03,62.59,-7.44,5
1165,13958.94,39.59,-6.56,5
1166,19785.69,97.86,-7.1,5
1167,21154.11,111.54,-4.74,5
1168,21370.31,113.7,-8.37,5
1169,16548.16,65.48,-8.62,6
1170,16488.2,64.88,-10.54,8
1171,13022.62,30.23,-10.78,7
1172,10428.73,4.29,-23.44,10
1173,13800.53,38.01,-9.7,7
1174,17760.43,77.6,-14.14,5
1175,17342.74,73.43,-7.86,5
1176,12905.08,29.05,-7.89,6
1177,13125.02,31.25,-10.03,6
1178,14242.89,42.43,-15.13,7
1179,16118.22,61.18,-13.62,10
1180,16901.96,69.02,-7.28,7
1181,18892.46,88.92,-9.87,9
1182,14111.68,41.12,-12.61,6
1183,16651.86,66.52,-7.24,5
1184,12821.81,28.22,-10.45,8
1185,16126.56,61.27,-7.41,9
1186,13900.72,39.01,-10.35,5
1187,21733.1,117.33,-5.31,5
1188,16232.25,62.32,-8.44,6
1189,16690.45,66.9,-9.59,7
1190,18441.99,84.42,-4.96,6
1191,17372.5,73.72,-7.37,6
1192,14079.67,40.8,-12.05,6
1193,18676.12,86.76,-5.76,6
1194,18239.52,82.4,-7.73,5
1195,17277.11,72.77,-7.36,5
1196,19122.97,91.23,-7.91,5
1197,21835.58,118.36,-3.83,4
1198,17534.1,75.34,-7.17,5
1199,15619.76,56.2,-9.41,5
1200,16227.75,62.28,-9.34,7
1201,12992.08,29.92,-7.75,8
1202,15382.67,53.83,-14.03,9
1203,18192.13,81.92,-7.08,7
1204,18042.56,80.43,-10.97,6
1205,19231.49,92.31,-5.98,7
1206,14767.26,47.67,-7.39,10
1207,14864.35,48.64,-9.28,8
1208,18595.29,85.95,-8.66,5
1209,13998.96,39.99,-12.69,5
1210,19326.56,93.27,-5.53,7
1211,18079.98,80.8,-10.0,7
1212,18161.38,81.61,-7.26,6
1213,18359.97,83.6,-6.39,6
1214,24196.94,141.97,-4.73,5
1215,14522.88,45.23,-7.45,6
1216,23964.36,139.64,-6.43,4
1217,16033.27,60.33,-7.11,5
1218,10657.9,6.58,-15.85,9
1219,19724.73,97.25,-9.74,7
1220,19461.82,94.62,-8.65,9
1221,12578.05,25.78,-14.36,6
1222,17045.65,70.46,-5.92,6
1223,14848.74,48.49,-7.05,5
1224,11422.39,14.22,-13.84,9
1225,18561.9,85.62,-9.24,7
1226,14636.7,46.37,-5.76,6
1227,15693.15,56.93,-9.58,10
1228,16758.58,67.59,-7.97,6
1229,16913.26,69.13,-7.26,10
1230,17030.61,70.31,-7.34,8
1231,13937.83,39.38,-8.72,6
1232,16413.65,64.14,-9.02,6
1233,17432.68,74.33,-6.45,7
1234,20738.27,107.38,-4.0,6
1235,14595.37,45.95,-9.45,6
1236,19111.71,91.12,-5.04,5
1237,15494.8,54.95,-7.31,7
1238,18979.94,89.8,-6.65,7
1239,24252.43,142.52,-7.71,4
1240,16243.71,62.44,-7.0,6
1241,16186.92,61.87,-8.37,7
1242,19863.32,98.63,-7.36,7
1243,13712.65,37.13,-9.59,8
1244,14481.31,44.81,-7.2,5
1245,13579.46,35.79,-14.53,13
1246,16284.39,62.84,-8.78,6
1247,16597.46,65.97,-16.67,11
1248,14269.35,42.69,-11.36,6
1249,21938.54,119.39,-5.84,7
1250,18623.92,86.24,-5.14,5
1251,17134.57,71.35,-5.53,5
1252,23676.78,136.77,-9.36,6
1253,12347.94,23.48,-8.23,7
1254,18617.96,86.18,-4.99,5
1255,18115.79,81.16,-8.99,6
1256,17008.19,70.08,-6.77,8
1257,24371.15,143.71,-4.07,4
1258,15321.63,53.22,-11.14,8
1259,14544.09,45.44,-18.17,16
1260,16770.52,67.71,-7.46,5
1261,18555.47,85.55,-7.56,5
1262,16687.64,66.88,-12.24,7
1263,13337.1,33.37,-6.68,6
1264,14755.54,47.56,-7.9,7
1265,16312.26,63.12,-8.08,6
1266,23093.47,130.93,-7.52,5
1267,11733.73,17.34,-12.49,7
1268,18577.9,85.78,-7.4,6
1269,20559.21,105.59,-4.01,4
1270,18648.55,86.49,-6.79,7
1271,14110.31,41.1,-8.77,7
1272,13989.3,39.89,-11.05,7
1273,11917.3,19.17,-14.5,6
1274,16364.94,63.65,-6.86,7
1275,13282.55,32.83,-13.47,11
1276,16653.25,66.53,-7.44,6
1277,14925.14,49.25,-7.21,6
1278,15258.7,52.59,-8.23,10
1279,15540.65,55.41,-9.52,5
1280,16399.61,64.0,-8.77,7
1281,14233.42,42.33,-10.64,7
1282,15296.9,52.97,-5.75,6
1283,15642.83,56.43,-13.7,6
1284,14098.47,40.98,-6.89,7
1285,20285.95,102.86,-7.34,7
1286,15181.42,51.81,-6.42,8
1287,20370.61,103.71,-6.06,6
1288,11602.53,16.03,-14.41,5
1289,16613.21,66.13,-6.3,7
1290,17639.83,76.4,-6.68,6
1291,14481.63,44.82,-6.11,7
1292,15523.52,55.24,-5.76,7
1293,18001.95,80.02,-8.05,7
1294,14549.96,45.5,-7.14,6
1295,18799.36,87.99,-5.81,7
1296,22622.72,126.23,-7.18,6
1297,13075.24,30.75,-13.99,7
1298,17821.35,78.21,-5.12,5
1299,15545.63,55.46,-6.01,6
1300,21741.05,117.41,-5.42,5
1301,16824.16,68.24,-6.67,5
1302,14331.2,43.31,-9.58,10
1303,14478.09,44.78,-10.28,6
1304,18535.62,85.36,-9.1,5
1305,14884.84,48.85,-7.13,5
1306,18586.46,85.86,-7.91,8
1307,18770.96,87.71,-7.38,5
1308,13476.08,34.76,-8.02,11
1309,16254.84,62.55,-5.4,7
1310,16529.81,65.3,-8.31,6
1311,13149.48,31.49,-11.79,8
1312,14417.89,44.18,-12.28,7
1313,16017.04,60.17,-6.76,7
1314,15649.25,56.49,-12.11,6
1315,20531.6,105.32,-5.25,4
1316,16178.01,61.78,-10.47,7
1317,14746.98,47.47,-7.89,6
1318,18296.21,82.96,-10.21,6
1319,17101.5,71.01,-9.97,8
1320,22065.08,120.65,-4.45,4
1321,15145.49,51.45,-8.81,7
1322,12541.82,25.42,-9.7,8
1323,13007.39,30.07,-10.33,8
1324,15754.8,57.55,-9.03,8
1325,16786.96,67.87,-11.03,7
1326,13518.19,35.18,-7.12,6
1327,16891.79,68.92,-5.52,5
1328,15269.13,52.69,-6.72,6
1329,17648.84,76.49,-8.19,6
1330,17711.83,77.12,-12.44,7
1331,16373.85,63.74,-9.83,5
1332,17627.48,76.27,-6.7,6
1333,21715.86,117.16,-6.39,6
1334,16742.01,67.42,-6.77,5
1335,16460.48,64.6,-10.31,6
1336,15610.96,56.11,-8.5,6
1337,19301.68,93.02,-11.4,11
1338,19409.72,94.1,-6.58,5
1339,15010.67,50.11,-12.78,7
1340,19302.99,93.03,-6.47,6
1341,14045.67,40.46,-8.02,6
1342,13468.1,34.68,-13.08,6
1343,18761.26,87.61,-8.72,5
1344,17885.83,78.86,-5.31,7
1345,11660.9,16.61,-13.12,8
1346,16928.63,69.29,-6.24,6
1347,17376.05,73.76,-7.39,6
1348,13562.11,35.62,-10.18,8
1349,12564.24,25.64,-9.38,6
1350,17570.52,75.71,-4.93,5
1351,19851.31,98.51,-7.71,5
1352,19988.89,99.89,-6.14,4
1353,15627.14,56.27,-7.3,8
1354,20772.46,107.72,-6.91,7
1355,13567.85,35.68,-11.55,7
1356,18179.85,81.8,-7.27,5
1357,15711.81,57.12,-6.11,5
1358,11774.17,17.74,-18.34,6
1359,20109.01,101.09,-6.01,7
1360,13953.68,39.54,-8.29,9
1361,15957.73,59.58,-10.64,7
1362,18745.39,87.45,-4.34,4
1363,15265.82,52.66,-5.92,4
1364,13734.93,37.35,-9.05,6
1365,22258.28,122.58,-7.92,6
1366,12418.82,24.19,-10.87,6
1367,17192.4,71.92,-5.78,6
1368,15799.61,58.0,-6.56,6
1369,21593.89,115.94,-5.74,5
1370,18081.7,80.82,-6.98,8
1371,14724.73,47.25,-9.74,10
1372,20178.33,101.78,-7.17,4
1373,13112.97,31.13,-7.99,6
1374,16400.26,64.0,-8.19,8
1375,21868.38,118.68,-6.36,5
1376,17501.37,75.01,-9.82,6
1377,24226.73,142.27,-5.74,6
1378,18472.52,84.73,-8.08,7
1379,18017.97,80.18,-5.7,5
1380,18585.23,85.85,-6.46,6
1381,14106.48,41.06,-10.33,8
1382,20314.44,103.14,-6.47,7
1383,13539.04,35.39,-6.82,6
1384,12270.97,22.71,-9.5,6
1385,15449.95,54.5,-5.1,7
1386,15948.26,59.48,-7.24,7
1387,14039.26,40.39,-12.67,7
1388,17302.47,73.02,-9.87,7
1389,14656.0,46.56,-7.85,7
1390,16567.97,65.68,-12.52,5
1391,16611.66,66.12,-5.79,5
1392,14377.06,43.77,-7.36,7
1393,17556.66,75.57,-11.81,6
1394,14717.04,47.17,-9.53,9
1395,17069.68,70.7,-10.62,6
1396,18266.32,82.66,-6.93,5
1397,20201.86,102.02,-7.68,5
1398,15615.18,56.15,-8.43,5
1399,18270.49,82.7,-6.42,7
1400,13140.01,31.4,-14.18,12
1401,16401.73,64.02,-6.62,6
1402,14741.46,47.41,-9.54,7
1403,16608.65,66.09,-7.1,5
1404,20090.9,100.91,-7.9,6
1405,15065.22,50.65,-9.94,7
1406,15382.34,53.82,-8.11,7
1407,17042.91,70.43,-5.8,6
1408,14951.06,49.51,-8.02,7
1409,19705.5,97.06,-6.9,8
1410,17520.78,75.21,-6.98,6
1411,19425.21,94.25,-8.13,8
1412,19927.75,99.28,-7.75,6
1413,15959.94,59.6,-8.41,8
1414,14335.89,43.36,-5.93,7
1415,19621.58,96.22,-6.74,6
1416,21932.49,119.32,-6.34,5
1417,16910.64,69.11,-10.1,7
1418,16768.64,67.69,-6.99,8
1419,16739.97,67.4,-6.79,5
1420,14207.63,42.08,-9.24,10
1421,16004.48,60.04,-14.41,7
1422,19174.21,91.74,-5.58,6
1423,24000.72,140.01,-4.2,5
1424,25312.11,153.12,-5.31,4
1425,12342.02,23.42,-7.41,5
1426,17274.54,72.75,-11.47,6
1427,13975.44,39.75,-8.7,7
1428,16049.75,60.5,-7.47,7
1429,20892.13,108.92,-4.81,7
1430,15183.07,51.83,-8.7,6
1431,15023.38,50.23,-9.32,5
1432,23864.28,138.64,-5.44,5
1433,16988.84,69.89,-8.88,7
1434,14217.76,42.18,-14.23,8
1435,16621.54,66.22,-8.18,6
1436,19610.59,96.11,-6.11,5
1437,14952.61,49.53,-9.46,6
1438,22638.31,126.38,-6.36,6
1439,14571.21,45.71,-6.95,7
1440,18133.47,81.33,-12.4,8
1441,17221.14,72.21,-9.85,7
1442,15720.8,57.21,-20.68,7
1443,19313.35,93.13,-6.28,4
1444,15213.48,52.13,-10.18,5
1445,14423.62,44.24,-10.76,8
1446,14026.78,40.27,-10.6,5
1447,15804.55,58.05,-15.12,7
1448,19196.55,91.97,-4.9,5
1449,10923.5,9.23,-19.37,6
1450,14593.97,45.94,-6.91,6
1451,22129.42,121.29,-3.67,3
1452,18845.03,88.45,-4.9,6
1453,16296.81,62.97,-10.11,6
1454,19400.33,94.0,-5.24,5
1455,11672.56,16.73,-12.27,6
1456,15408.95,54.09,-11.28,6
1457,15488.59,54.89,-6.6,4
1458,13895.99,38.96,-12.69,6
1459,16374.63,63.75,-13.36,8
1460,12654.22,26.54,-14.11,7
1461,14925.06,49.25,-10.56,5
1462,25785.75,157.86,-4.4,5
1463,14559.97,45.6,-6.39,6
1464,15934.17,59.34,-13.66,9
1465,17604.39,76.04,-10.06,7
1466,14528.49,45.28,-8.8,7
1467,14737.48,47.37,-7.25,5
1468,18826.16,88.26,-6.71,9
1469,17250.14,72.5,-6.84,6
1470,22322.41,123.22,-7.11,5
1471,20844.51,108.45,-6.49,5
1472,21630.43,116.3,-4.9,6
1473,17774.88,77.75,-7.37,6
1474,19585.62,95.86,-7.27,8
1475,16266.81,62.67,-7.24,5
1476,16089.58,60.9,-9.12,5
1477,21069.52,110.7,-6.48,6
1478,15218.99,52.19,-8.52,7
1479,19389.94,93.9,-7.48,6
1480,14294.23,42.94,-7.29,7
1481,15370.11,53.7,-4.46,5
1482,14560.64,45.61,-8.46,6
1483,15668.28,56.68,-11.52,6
1484,24257.84,142.58,-4.64,4
1485,13967.98,39.68,-8.22,8
1486,21187.88,111.88,-5.24,7
1487,14645.55,46.46,-6.41,6
1488,17603.98,76.04,-5.86,6
1489,15816.91,58.17,-10.76,10
1490,14747.23,47.47,-12.79,10
1491,20223.74,102.24,-7.44,6
1492,17142.52,71.43,-5.71,5
1493,14169.45,41.69,-9.42,7
1494,14630.92,46.31,-11.91,10
1495,20450.11,104.5,-10.17,5
1496,23755.42,137.55,-5.46,5
1497,22685.74,126.86,-6.68,8
1498,16649.04,66.49,-8.49,7
1499,14740.15,47.4,-6.27,5
1500,11803.44,18.03,-18.24,9
1501,17740.96,77.41,-7.75,5
1502,20132.73,101.33,-5.19,4
1503,14524.55,45.25,-9.86,6
1504,12726.36,27.26,-9.53,5
1505,15149.96,51.5,-12.04,7
1506,15766.15,57.66,-9.63,5
1507,15180.33,51.8,-6.95,10
1508,12153.09,21.53,-10.55,7
1509,18973.66,89.74,-10.48,7
1510,14126.4,41.26,-10.34,12
1511,15752.36,57.52,-4.47,5
1512,13551.92,35.52,-8.41,8
1513,16276.91,62.77,-8.3,7
1514,13158.8,31.59,-11.47,8
1515,15825.39,58.25,-7.96,9
1516,15090.76,50.91,-9.92,5
1517,16183.45,61.83,-8.2,5
1518,19486.8,94.87,-6.57,4
1519,17176.38,71.76,-9.04,7
1520,18339.95,83.4,-5.25,5
1521,15566.22,55.66,-7.03,5
1522,15286.81,52.87,-13.52,7
1523,16009.34,60.09,-7.16,5
1524,20287.19,102.87,-9.6,5
1525,16205.66,62.06,-7.75,7
1526,16475.42,64.75,-7.63,9
1527,12394.33,23.94,-11.46,7
1528,18786.99,87.87,-5.99,7
1529,15948.01,59.48,-11.5,6
1530,12919.34,29.19,-9.84,7
1531,15624.49,56.24,-6.56,7
1532,19073.09,90.73,-7.27,5
1533,15558.91,55.59,-8.52,8
1534,15273.36,52.73,-11.56,6
1535,13392.48,33.92,-15.94,7
1536,20981.7,109.82,-9.49,7
1537,18088.4,80.88,-8.55,7
1538,20048.55,100.49,-9.83,7
1539,20297.31,102.97,-6.3,6
1540,13805.3,38.05,-8.32,6
1541,12585.2,25.85,-13.49,6
1542,19292.13,92.92,-6.01,5
1543,17600.68,76.01,-7.89,5
1544,17310.86,73.11,-9.7,5
1545,12835.69,28.36,-9.61,6
1546,16936.71,69.37,-10.46,9
1547,15626.14,56.26,-10.52,6
1548,15461.56,54.62,-8.98,7
1549,17122.29,71.22,-7.59,5
1550,13180.52,31.81,-10.59,6
1551,17675.43,76.75,-4.32,5
1552,17732.62,77.33,-5.29,5
1553,16136.44,61.36,-10.21,8
1554,22612.33,126.12,-4.74,4
1555,17434.67,74.35,-7.27,5
1556,18226.0,82.26,-8.13,6
1557,22229.2,122.29,-6.64,7
1558,12097.45,20.97,-8.47,5
1559,20625.93,106.26,-6.61,5
1560,16023.0,60.23,-12.96,6
1561,18338.82,83.39,-6.8,6
1562,15133.19,51.33,-5.82,5
1563,15514.34,55.14,-10.45,6
1564,14970.13,49.7,-10.58,5
1565,15978.23,59.78,-6.4,5
1566,14865.04,48.65,-10.59,9
1567,17088.33,70.88,-6.64,7
1568,19144.5,91.44,-5.48,8
1569,21004.83,110.05,-4.96,6
1570,14169.68,41.7,-8.07,7
1571,14686.22,46.86,-6.73,7
1572,15541.88,55.42,-6.94,6
1573,17594.95,75.95,-5.32,6
1574,13462.22,34.62,-7.97,7
1575,11521.24,15.21,-16.23,10
1576,19302.86,93.03,-9.64,8
1577,17750.29,77.5,-5.7,6
1578,16029.04,60.29,-6.71,6
1579,12210.32,22.1,-13.25,5
1580,15927.41,59.27,-13.29,9
1581,13914.75,39.15,-14.85,11
1582,18227.05,82.27,-7.31,6
1583,17307.29,73.07,-5.43,5
1584,12707.1,27.07,-11.61,6
1585,17121.45,71.21,-11.87,7
1586,16728.79,67.29,-6.19,7
1587,16826.55,68.27,-6.88,6
1588,16321.37,63.21,-9.56,6
1589,14750.65,47.51,-9.0,6
1590,20599.86,106.0,-6.91,7
1591,18954.27,89.54,-5.66,5
1592,16019.1,60.19,-8.17,6
1593,15968.26,59.68,-7.45,6
1594,16609.82,66.1,-8.36,7
1595,16219.79,62.2,-6.97,5
1596,17075.09,70.75,-9.52,5
1597,12336.08,23.36,-9.93,6
1598,20224.77,102.25,-7.14,5
1599,13988.5,39.89,-14.05,5
1600,12023.64,20.24,-12.02,8
1601,14016.05,40.16,-6.74,5
1602,19075.91,90.76,-5.83,5
1603,14548.81,45.49,-9.71,8
1604,24907.48,149.07,-8.62,8
1605,19298.58,92.99,-6.35,5
1606,22350.56,123.51,-8.48,8
1607,16031.83,60.32,-8.04,6
1608,16593.11,65.93,-8.56,5
1609,15923.98,59.24,-7.16,11
1610,16834.21,68.34,-8.82,8
1611,19060.56,90.61,-4.13,5
1612,12295.71,22.96,-8.27,6
1613,14308.77,43.09,-7.98,10
1614,17870.8,78.71,-5.54,4
1615,15637.59,56.38,-8.46,4
1616,15990.3,59.9,-6.37,7
1617,16984.49,69.84,-9.59,9
1618,17729.54,77.3,-8.78,5
1619,13200.31,32.0,-8.54,5
1620,16095.32,60.95,-9.6,8
1621,14304.41,43.04,-11.73,6
1622,17302.41,73.02,-5.41,4
1623,16051.32,60.51,-7.21,5
1624,18335.57,83.36,-6.9,4
1625,20463.19,104.63,-4.69,5
1626,20378.25,103.78,-7.74,7
1627,11624.05,16.24,-18.68,5
1628,12843.53,28.44,-11.68,10
1629,13464.2,34.64,-6.2,7
1630,14283.73,42.84,-11.82,7
1631,13181.96,31.82,-10.51,9
1632,15984.04,59.84,-10.51,7
1633,18586.22,85.86,-8.82,6
1634,15471.08,54.71,-12.41,7
1635,15829.14,58.29,-7.74,7
1636,16384.44,63.84,-6.81,7
1637,20612.92,106.13,-6.78,5
1638,11955.78,19.56,-10.27,5
1639,16293.29,62.93,-11.7,7
1640,14881.95,48.82,-6.42,6
1641,17661.14,76.61,-6.31,6
1642,22781.64,127.82,-5.15,4
1643,16482.96,64.83,-11.64,8
1644,14871.24,48.71,-9.23,8
1645,15992.35,59.92,-6.96,6
1646,14562.1,45.62,-9.48,7
1647,11250.3,12.5,-13.09,6
1648,18119.11,81.19,-7.96,8
1649,17753.09,77.53,-7.35,6
1650,15880.48,58.8,-7.35,5
1651,17975.35,79.75,-8.02,6
1652,14945.5,49.45,-8.48,5
1653,19183.66,91.84,-6.2,5
1654,12361.75,23.62,-10.09,7
1655,20073.18,100.73,-8.82,7
1656,13773.91,37.74,-9.11,7
1657,15312.42,53.12,-9.51,8
1658,16762.92,67.63,-7.72,5
1659,13808.43,38.08,-15.53,9
1660,13873.5,38.73,-7.55,7
1661,13195.83,31.96,-11.34,9
1662,20859.39,108.59,-6.99,5
1663,23177.1,131.77,-8.59,5
1664,22093.09,120.93,-6.5,5
1665,13227.17,32.27,-9.12,5
1666,18175.13,81.75,-6.79,7
1667,19153.16,91.53,-4.66,5
1668,16719.53,67.2,-10.02,8
1669,14951.44,49.51,-8.31,9
1670,18757.32,87.57,-6.24,6
1671,17043.62,70.44,-7.39,6
1672,19385.43,93.85,-5.56,5
1673,17530.5,75.3,-15.68,7
1674,15775.24,57.75,-6.65,6
1675,25329.95,153.3,-6.24,7
1676,15361.18,53.61,-12.88,7
1677,14670.44,46.7,-8.84,8
1678,11705.12,17.05,-13.53,8
1679,19120.37,91.2,-4.99,6
1680,16328.0,63.28,-9.56,10
1681,18254.14,82.54,-9.99,5
1682,19187.99,91.88,-8.03,5
1683,16328.44,63.28,-7.95,6
1684,18417.34,84.17,-5.74,4
1685,17028.73,70.29,-5.31,6
1686,13382.39,33.82,-5.94,6
1687,16210.51,62.11,-5.66,5
1688,14128.48,41.28,-6.66,6
1689,14116.57,41.17,-9.45,8
1690,14564.31,45.64,-8.04,8
1691,17200.59,72.01,-5.84,6
1692,15763.79,57.64,-11.98,5
1693,17342.89,73.43,-9.45,8
1694,19969.73,99.7,-7.91,7
1695,13887.52,38.88,-13.99,8
1696,15789.29,57.89,-6.66,5
1697,15125.42,51.25,-6.36,4
1698,13748.37,37.48,-7.54,6
1699,11389.4,13.89,-10.06,7
1700,15144.47,51.44,-9.2,8
1701,14605.02,46.05,-7.23,7
1702,16819.33,68.19,-6.13,6
1703,16639.68,66.4,-6.7,7
1704,17188.82,71.89,-5.5,6
1705,15712.6,57.13,-8.68,7
1706,18845.91,88.46,-5.19,4
1707,14235.0,42.35,-12.65,7
1708,17237.26,72.37,-7.94,7
1709,18756.86,87.57,-5.92,8
1710,16906.07,69.06,-12.26,14
1711,15715.94,57.16,-10.15,9
1712,15188.0,51.88,-6.94,6
1713,16275.29,62.75,-5.59,5
1714,13672.33,36.72,-10.17,5
1715,17968.94,79.69,-8.18,6
1716,15261.48,52.61,-8.34,7
1717,14417.9,44.18,-7.83,5
1718,16964.97,69.65,-9.26,8
1719,16926.64,69.27,-6.86,5
1720,14017.65,40.18,-9.19,6
1721,21381.79,113.82,-9.52,6
1722,19276.32,92.76,-6.23,7
1723,14623.76,46.24,-12.4,6
1724,14630.04,46.3,-11.38,10
1725,15105.16,51.05,-9.72,5
1726,18120.92,81.21,-4.74,4
1727,16081.09,60.81,-5.88,5
1728,15224.6,52.25,-13.26,10
1729,15398.98,53.99,-11.23,7
1730,16059.27,60.59,-5.78,6
1731,16997.52,69.98,-8.98,8
1732,16700.84,67.01,-10.76,5
1733,16212.68,62.13,-7.08,7
1734,13727.07,37.27,-8.83,9
1735,18431.72,84.32,-5.35,4
1736,14846.48,48.46,-11.95,6
1737,15252.64,52.53,-10.56,10
1738,19412.13,94.12,-8.9,7
1739,11569.89,15.7,-10.1,6
1740,18264.29,82.64,-7.93,9
1741,16515.21,65.15,-6.18,4
1742,17460.72,74.61,-9.97,5
1743,17776.11,77.76,-4.18,5
1744,12151.68,21.52,-7.43,7
1745,19202.06,92.02,-6.76,6
1746,16646.32,66.46,-6.51,8
1747,13363.91,33.64,-11.42,7
1748,12919.16,29.19,-11.19,8
1749,10896.85,8.97,-10.85,7
1750,13999.01,39.99,-11.22,9
1751,18031.89,80.32,-9.03,9
1752,20403.02,104.03,-6.86,6
1753,12173.55,21.74,-13.18,7
1754,17654.41,76.54,-6.37,5
1755,17812.23,78.12,-8.1,11
1756,15367.02,53.67,-9.01,6
1757,13484.3,34.84,-10.12,5
1758,15605.58,56.06,-5.62,4
1759,17246.38,72.46,-9.22,8
1760,14635.67,46.36,-6.46,7
1761,13770.41,37.7,-7.9,7
1762,12659.92,26.6,-10.63,6
1763,19117.98,91.18,-8.82,6
1764,13008.79,30.09,-8.81,7
1765,20632.02,106.32,-6.3,5
1766,18255.76,82.56,-7.22,6
1767,20252.95,102.53,-5.41,7
1768,16499.52,65.0,-8.37,6
1769,18829.4,88.29,-9.52,6
1770,18337.76,83.38,-8.98,6
1771,18031.77,80.32,-8.84,6
1772,14421.45,44.21,-7.29,7
1773,14566.45,45.66,-17.0,8
1774,15003.24,50.03,-11.16,10
1775,14450.42,44.5,-11.06,7
1776,14928.26,49.28,-9.06,6
1777,18705.21,87.05,-9.6,5
1778,14259.46,42.59,-8.58,5
1779,14648.13,46.48,-13.84,6
1780,15619.87,56.2,-7.47,5
1781,17574.0,75.74,-8.02,5
1782,15435.9,54.36,-8.56,6
1783,14538.17,45.38,-8.8,6
1784,22588.06,125.88,-4.15,5
1785,19545.34,95.45,-7.64,5
1786,20913.75,109.14,-7.48,6
1787,12314.58,23.15,-13.04,8
1788,13363.53,33.64,-8.75,6
1789,14102.15,41.02,-8.79,5
1790,13522.6,35.23,-9.32,5
1791,12867.06,28.67,-10.88,9
1792,14378.31,43.78,-9.3,5
1793,14740.18,47.4,-12.27,9
1794,16944.26,69.44,-7.15,5
1795,16149.81,61.5,-12.82,7
1796,20917.06,109.17,-4.87,5
1797,17416.34,74.16,-8.17,8
1798,14019.04,40.19,-7.61,5
1799,18727.75,87.28,-11.02,5
1800,16204.7,62.05,-8.96,7
1801,15026.78,50.27,-7.39,5
1802,13822.18,38.22,-12.48,10
1803,13181.3,31.81,-17.87,7
1804,18584.68,85.85,-6.69,6
1805,18264.21,82.64,-6.78,8
1806,16153.25,61.53,-8.28,7
1807,16373.68,63.74,-8.22,7
1808,16349.2,63.49,-13.68,8
1809,15813.51,58.14,-8.4,7
1810,18539.18,85.39,-7.68,7
1811,12996.42,29.96,-13.95,5
1812,19118.45,91.18,-5.39,6
1813,17038.01,70.38,-11.43,4
1814,16332.42,63.32,-6.91,6
1815,19107.02,91.07,-7.33,4
1816,18867.53,88.68,-8.78,8
1817,17092.5,70.92,-10.88,7
1818,12873.63,28.74,-13.8,8
1819,16097.39,60.97,-6.34,6
1820,14750.48,47.5,-8.9,5
1821,15494.58,54.95,-5.7,5
1822,14693.26,46.93,-10.4,7
1823,18312.4,83.12,-5.43,5
1824,16548.89,65.49,-5.84,7
1825,21697.13,116.97,-5.62,5
1826,19405.09,94.05,-5.16,7
1827,14421.37,44.21,-8.41,8
1828,21810.21,118.1,-4.9,5
1829,14840.31,48.4,-8.28,5
1830,15923.39,59.23,-8.2,6
1831,17654.74,76.55,-9.81,5
1832,18102.02,81.02,-9.03,7
1833,13843.78,38.44,-15.66,5
1834,17791.57,77.92,-6.87,6
1835,17229.0,72.29,-6.55,6
1836,16489.7,64.9,-10.38,5
1837,21921.91,119.22,-4.2,4
1838,17775.04,77.75,-11.06,6
1839,15370.54,53.71,-9.13,5
1840,15897.78,58.98,-11.97,6
1841,16974.35,69.74,-13.98,7
1842,12017.8,20.18,-15.08,6
1843,23430.73,134.31,-5.63,5
1844,12523.38,25.23,-11.44,6
1845,13773.78,37.74,-9.59,5
1846,18957.97,89.58,-10.32,7
1847,16919.95,69.2,-8.28,8
1848,21914.7,119.15,-5.69,6
1849,12928.64,29.29,-9.19,9
1850,13650.54,36.51,-7.59,5
1851,17062.28,70.62,-5.22,5
1852,18690.9,86.91,-5.6,4
1853,15773.7,57.74,-9.37,7
1854,16550.49,65.5,-7.7,8
1855,13281.26,32.81,-9.88,6
1856,13706.94,37.07,-7.77,6
1857,13575.53,35.76,-9.25,8
1858,15358.15,53.58,-6.25,5
1859,14807.94,48.08,-6.29,5
1860,15400.78,54.01,-5.8,6
1861,14102.57,41.03,-8.12,7
1862,14474.05,44.74,-7.52,7
1863,17478.44,74.78,-6.68,6
1864,16245.06,62.45,-7.15,9
1865,17760.5,77.6,-7.06,6
1866,18110.48,81.1,-5.92,5
1867,16312.05,63.12,-6.71,6
1868,15792.52,57.93,-6.57,7
1869,12929.58,29.3,-11.08,7
1870,20699.27,106.99,-7.39,5
1871,13611.07,36.11,-9.65,9
1872,22699.75,127.0,-5.45,4
1873,16975.61,69.76,-7.71,7
1874,14133.19,41.33,-7.75,6
1875,21807.75,118.08,-5.85,6
1876,18350.22,83.5,-10.68,7
1877,13737.97,37.38,-10.63,6
1878,23378.42,133.78,-7.13,6
1879,18265.1,82.65,-6.71,4
1880,19524.18,95.24,-7.75,5
1881,17454.29,74.54,-6.46,9
1882,16151.63,61.52,-9.6,4
1883,14852.97,48.53,-8.5,8
1884,18040.78,80.41,-4.37,4
1885,19967.36,99.67,-9.59,5
1886,16241.75,62.42,-7.46,5
1887,15777.01,57.77,-7.34,6
1888,17345.51,73.46,-5.82,6
1889,14671.23,46.71,-8.61,6
1890,17069.01,70.69,-7.87,7
1891,18977.25,89.77,-7.33,6
1892,20881.37,108.81,-7.91,5
1893,16587.38,65.87,-8.26,10
1894,18912.95,89.13,-5.37,5
1895,16448.09,64.48,-6.47,6
1896,16543.5,65.43,-5.2,7
1897,14711.69,47.12,-7.22,7
1898,17132.63,71.33,-9.41,8
1899,13995.52,39.96,-8.52,5
1900,17389.85,73.9,-7.12,6
1901,17656.69,76.57,-7.27,4
1902,16389.86,63.9,-5.39,5
1903,18203.35,82.03,-8.13,8
1904,21684.36,116.84,-7.55,6
1905,15016.13,50.16,-16.49,6
1906,14390.37,43.9,-8.35,8
1907,15845.7,58.46,-7.41,4
1908,18678.39,86.78,-5.37,4
1909,13599.76,36.0,-11.46,7
1910,17855.4,78.55,-5.62,6
1911,18497.26,84.97,-7.15,6
1912,22724.39,127.24,-7.62,5
1913,15658.72,56.59,-6.8,4
1914,20732.84,107.33,-5.61,6
1915,15334.36,53.34,-11.56,6
1916,13992.6,39.93,-9.61,7
1917,15916.4,59.16,-6.51,5
1918,15675.56,56.76,-12.2,6
1919,17757.35,77.57,-10.8,5
1920,21041.36,110.41,-10.53,6
1921,10339.73,3.4,-12.35,8
1922,17302.32,73.02,-10.04,9
1923,17156.82,71.57,-6.51,5
1924,16526.76,65.27,-8.0,5
1925,16952.43,69.52,-8.22,6
1926,15774.01,57.74,-6.9,5
1927,15678.92,56.79,-8.24,8
1928,14416.08,44.16,-9.88,7
1929,14526.85,45.27,-8.01,7
1930,16736.82,67.37,-6.58,7
1931,16112.64,61.13,-7.63,5
1932,15674.4,56.74,-6.64,8
1933,17837.68,78.38,-6.87,7
1934,15985.94,59.86,-8.93,5
1935,15482.24,54.82,-11.03,8
1936,17052.73,70.53,-8.47,9
1937,23106.39,131.06,-3.94,6
1938,13381.98,33.82,-12.78,7
1939,16453.98,64.54,-6.28,7
1940,10151.54,1.52,-16.84,6
1941,13894.9,38.95,-10.19,7
1942,18848.35,88.48,-5.14,6
1943,19275.27,92.75,-5.17,4
1944,16579.83,65.8,-10.73,6
1945,16234.27,62.34,-7.75,10
1946,15016.57,50.17,-8.22,6
1947,15617.84,56.18,-6.14,5
1948,15818.61,58.19,-10.65,6
1949,13638.19,36.38,-9.9,6
1950,19251.84,92.52,-6.57,10
1951,11276.24,12.76,-12.59,6
1952,13307.64,33.08,-12.1,9
1953,19960.79,99.61,-11.08,6
1954,21986.15,119.86,-4.38,5
1955,14611.93,46.12,-14.04,7
1956,18866.49,88.66,-7.18,7
1957,24030.99,140.31,-9.11,7
1958,12644.23,26.44,-9.11,11
1959,17780.46,77.8,-5.84,4
1960,13004.35,30.04,-9.77,5
1961,19739.05,97.39,-5.6,7
1962,20221.48,102.21,-6.58,7
1963,15318.14,53.18,-6.58,6
1964,20377.3,103.77,-6.82,7
1965,17571.19,75.71,-5.61,7
1966,13225.45,32.25,-10.19,9
1967,13409.72,34.1,-6.96,4
1968,15205.23,52.05,-12.36,8
1969,10268.66,2.69,-11.48,8
1970,18859.74,88.6,-11.29,9
1971,18717.66,87.18,-7.07,4
1972,17178.58,71.79,-6.76,7
1973,20560.38,105.6,-3.75,4
1974,20526.8,105.27,-7.51,6
1975,18682.81,86.83,-5.75,6
1976,18511.23,85.11,-6.16,6
1977,11987.38,19.87,-9.45,10
1978,16897.9,68.98,-7.89,5
1979,14621.16,46.21,-8.52,5
1980,18001.57,80.02,-7.55,6
1981,14997.75,49.98,-7.18,6
1982,16379.35,63.79,-6.83,5
1983,15739.97,57.4,-6.02,6
1984,17642.31,76.42,-7.99,8
1985,19316.09,93.16,-6.16,7
1986,16936.84,69.37,-8.74,8
1987,15132.96,51.33,-10.6,6
1988,21138.73,111.39,-7.69,7
1989,14026.77,40.27,-8.37,7
1990,18529.05,85.29,-9.1,6
1991,17150.72,71.51,-5.77,4
1992,15404.48,54.04,-4.85,5
1993,17092.63,70.93,-7.37,7
1994,17269.49,72.69,-9.17,6
1995,19229.02,92.29,-5.3,8
1996,14102.89,41.03,-8.12,9
1997,13045.43,30.45,-7.64,7
1998,13573.59,35.74,-7.23,5
1999,14907.08,49.07,-7.89,5
