symbol,group,playbook,year,score,regime_score,setup_score,trigger_score,rr,rsi,adx,rs20,extension_pct,vol_ratio,pullback_atr,trend_quality,confluence_count,vix_proxy,mfe_pct,mae_pct,status,target_binary
AAPL,Tech,breakout,2023,10.0300,4.4300,2.0000,3.6000,2.1400,67.1200,33.5300,3.4000,14.0000,1.1600,1.7900,0.6600,3,16.0500,0.4196,-1.9887,hit_stop,0
AAPL,Tech,breakout,2023,9.0000,4.4500,2.0000,2.5500,2.3400,67.2200,28.7100,3.5700,14.4400,1.0000,1.9400,0.6700,1,17.4600,5.2279,-0.4333,hit_target,1
AAPL,Tech,breakout,2023,9.6000,4.7000,2.0000,2.9000,2.5900,74.2800,42.4300,1.1200,17.8000,1.0600,2.5100,0.8000,3,14.5000,5.4606,-0.9870,expired,0
AAPL,Tech,breakout,2023,9.0400,4.4900,2.0000,2.5500,2.1900,68.7600,42.1900,2.0500,18.5900,0.9600,1.9800,0.7000,1,13.4800,2.6566,-5.7898,hit_stop,0
AAPL,Tech,breakout,2023,10.0000,4.2500,2.1500,3.6000,2.4700,63.2100,19.4200,1.3700,5.8900,1.2000,1.9400,0.5700,3,14.8100,5.5882,-0.6286,expired,0
AAPL,Tech,breakout,2023,9.3500,4.4500,2.0000,2.9000,3.2900,68.4800,21.6300,3.0300,8.8900,1.0200,2.6500,0.6700,3,14.1600,2.8644,-1.1183,expired,0
AAPL,Tech,breakout,2023,8.5000,4.5000,2.0000,2.0000,2.9700,68.3200,32.2500,3.2600,10.8400,1.3600,2.0100,0.7000,2,12.8500,3.0935,-1.3118,expired,0
AAPL,Tech,breakout,2023,8.9300,4.5300,1.5000,2.9000,1.6500,69.5500,34.5200,0.7600,12.6800,1.4700,2.3900,0.7200,3,12.1900,0.4404,-2.0402,hit_stop,0
AAPL,Tech,breakout,2024,7.9000,3.8000,2.0000,2.1000,3.0000,67.7700,23.7700,4.7500,5.1400,1.1200,2.4800,0.7300,2,13.6000,4.7842,-0.6812,expired,0
AAPL,Tech,breakout,2024,8.7500,4.4000,2.0000,2.3500,3.5400,67.2900,33.6400,6.8400,7.5400,1.2600,1.7600,0.6500,1,12.9200,13.1319,-1.2793,hit_target,1
AAPL,Tech,breakout,2024,8.9500,4.5000,2.0000,2.4500,2.5300,71.1100,35.6000,4.1600,9.6500,1.0400,2.3000,0.7000,2,12.2200,13.7103,-0.0103,hit_target,1
AAPL,Tech,breakout,2024,8.5300,4.5800,1.0500,2.9000,3.0000,73.4100,19.9900,3.5000,14.4500,1.0000,2.7100,0.7400,3,13.4500,7.0767,-0.4775,hit_target,1
AAPL,Tech,breakout,2024,10.2400,4.6400,2.0000,3.6000,3.3400,72.3300,41.1600,11.4500,17.6000,2.9300,2.3500,0.7700,3,18.3600,1.8044,-5.3505,hit_stop,0
AAPL,Tech,breakout,2025,9.3100,4.4100,2.0000,2.9000,3.5500,70.0900,29.2000,15.1400,10.6400,1.2000,2.3900,0.6600,3,16.3500,0.5500,-5.8542,hit_stop,0
AAPL,Tech,breakout,2025,9.6300,4.4300,2.0000,3.2000,1.2500,66.3300,25.9400,1.7400,16.6900,1.9600,2.1100,0.6700,2,18.2300,5.5854,-2.7489,hit_target,1
AAPL,Tech,breakout,2025,9.3100,4.4100,2.0000,2.9000,2.0300,69.0300,25.2800,2.4000,18.6400,1.0100,2.5200,0.6600,3,15.7900,2.9858,-1.3751,expired,0
AAPL,Tech,pullback,2025,10.0400,4.3400,4.5000,1.7000,1.1500,59.8500,27.9700,6.0900,16.0700,1.1700,0.6400,0.6200,2,23.4300,4.4066,-0.0073,hit_target,1
AAPL,Tech,breakout,2025,9.6700,4.5700,2.0000,3.1000,1.3500,72.6500,31.7500,5.0700,19.9100,1.0100,1.9800,0.7300,3,17.2400,0.8456,-4.3292,hit_stop,0
AAPL,Tech,breakout,2026,8.3800,4.3800,1.6000,2.4000,2.3500,68.1400,25.6000,6.2000,11.9900,1.6000,2.3700,0.6400,3,18.6400,1.3676,-6.0250,hit_stop,0
MSFT,Tech,breakout,2023,9.5100,4.6100,2.0000,2.9000,2.9200,68.1400,39.5500,8.9900,18.5000,1.0700,2.1500,0.7500,3,16.9400,8.9158,-1.2719,expired,0
MSFT,Tech,breakout,2023,9.6400,4.5800,1.4600,3.6000,1.5300,70.3700,25.9700,1.6600,24.5700,2.5300,2.5100,0.7400,3,13.3000,1.2444,-2.3192,hit_stop,0
MSFT,Tech,breakout,2023,10.5000,4.2500,3.1000,3.1500,1.8600,57.9100,18.2300,2.8000,8.6400,1.0300,1.0800,0.5800,2,17.2100,6.5867,-2.4361,hit_target,1
MSFT,Tech,breakout,2023,7.8400,4.5400,1.0500,2.2500,2.3000,72.0600,19.2700,9.2400,15.9100,0.9900,2.9200,0.7200,2,14.8100,6.2876,-0.5355,expired,0
MSFT,Tech,breakout,2023,8.7700,4.6700,2.0000,2.1000,3.4600,72.5300,29.2700,8.5900,18.0200,1.0100,3.0500,0.7800,2,14.1600,3.5961,-2.1727,expired,0
MSFT,Tech,breakout,2024,9.0500,4.6000,2.0000,2.4500,2.2300,70.6600,23.6000,5.6200,16.8900,1.1400,2.2300,0.7500,2,13.8400,5.4452,-0.4085,hit_target,1
MSFT,Tech,breakout,2024,9.1000,4.7000,2.0000,2.4000,2.9000,75.8300,33.4400,4.9900,19.2600,1.1200,2.7800,0.8000,3,13.1400,4.0680,-1.7707,expired,0
MSFT,Tech,breakout,2024,9.4600,4.4600,2.5500,2.4500,2.0100,65.0400,22.8800,1.0900,18.8400,1.0000,1.9700,0.6800,2,12.9200,0.6232,-1.7402,hit_stop,0
MSFT,Tech,breakout,2024,7.8800,4.4300,1.0500,2.4000,2.6900,72.8100,18.0900,3.3700,15.8400,1.1200,2.6600,0.6700,3,12.7500,4.9406,-1.1270,expired,0
MSFT,Tech,breakout,2024,8.6200,4.3700,2.0000,2.2500,3.7300,69.5300,24.4400,6.2800,16.3700,0.9800,2.1500,0.6400,2,12.2200,2.2174,-4.1489,hit_stop,0
MSFT,Tech,breakout,2024,9.2700,3.0700,2.6000,3.6000,1.5000,56.5800,19.8900,0.0800,4.6800,1.0900,1.0600,0.5400,3,17.6900,3.7621,-2.7100,expired,0
MSFT,Tech,breakout,2024,7.6500,4.6500,2.0000,1.0000,2.6500,69.6500,26.5000,4.7500,8.7100,0.9600,2.0900,0.7700,0,13.9200,1.7931,-2.2917,hit_stop,0
MSFT,Tech,breakout,2025,6.5100,2.7600,0.6500,3.6000,1.2500,69.2700,18.3100,12.3900,5.1200,2.0100,2.8000,0.6800,3,24.6000,6.5204,-0.4066,expired,0
MSFT,Tech,breakout,2025,6.2500,3.7500,2.0000,1.0000,3.5200,71.7600,24.2300,9.2100,7.8800,0.9700,2.6300,0.7000,0,22.4800,3.9084,-1.3814,expired,0
MSFT,Tech,breakout,2025,8.3600,4.5100,2.0000,1.8500,2.2500,69.9400,38.1700,2.8800,11.6900,1.6600,1.8900,0.7000,1,18.5700,6.5833,-0.1322,hit_target,1
MSFT,Tech,breakout,2025,7.1400,4.6400,2.0000,0.5000,2.3600,73.5200,46.2500,4.0400,14.4800,0.9900,2.1300,0.7700,0,20.1400,5.9744,-1.1919,hit_target,1
MSFT,Tech,breakout,2025,12.1900,5.1400,2.5500,3.7000,1.6500,65.0400,18.8200,2.3000,13.2800,1.0500,1.8300,0.7200,4,16.3700,0.7013,-2.6085,hit_stop,0
NVDA,Tech,breakout,2025,7.2600,3.7600,1.0500,2.4500,3.7300,72.5500,19.7500,16.7100,14.3100,1.0100,3.1100,0.7100,2,17.8300,9.5249,-2.4397,expired,0
NVDA,Tech,breakout,2025,9.0200,4.6900,1.4300,2.9000,1.4900,73.8800,40.1600,10.8800,25.1200,1.2900,3.0400,0.8000,3,16.7600,7.5942,-2.9159,hit_target,1
NVDA,Tech,breakout,2025,8.2400,4.6500,1.1900,2.4000,2.6500,73.4500,45.5000,9.8300,28.9500,1.0100,2.9100,0.7700,3,15.9400,9.5651,-1.0384,hit_target,1
NVDA,Tech,pullback,2025,8.2600,3.0400,3.5200,1.7000,1.1500,57.5300,18.5200,2.9200,25.3100,1.0500,0.8700,0.5200,2,17.6000,0.1431,-11.6442,hit_stop,0
NVDA,Tech,breakout,2026,7.2300,4.3300,0.6500,2.2500,2.3700,68.0700,18.7100,3.1700,12.6100,0.9700,2.7300,0.6100,2,18.3600,9.8263,-0.8205,hit_target,1
NVDA,Tech,breakout,2026,9.3700,4.4700,2.0000,2.9000,3.6300,71.5000,23.6100,10.9500,17.9500,1.4200,2.8400,0.6800,3,18.7100,2.5013,-5.1506,hit_stop,0
AMZN,Tech,breakout,2023,9.3800,3.7300,2.5500,3.1000,2.1400,63.4100,21.7200,11.4600,6.8800,1.1400,1.7900,0.6900,3,16.9400,8.3274,-2.5945,hit_target,1
AMZN,Tech,breakout,2023,9.5400,4.6400,2.0000,2.9000,2.3800,71.9800,29.9300,12.0300,13.9300,1.0100,3.0200,0.7700,3,16.0500,9.1034,-2.5606,expired,0
AMZN,Tech,breakout,2023,9.4600,4.5600,2.0000,2.9000,2.7200,68.5700,33.2400,12.9200,15.0100,1.4900,2.4300,0.7300,3,17.9500,5.7308,-1.8773,expired,0
AMZN,Tech,breakout,2023,8.0000,4.4500,1.5500,2.0000,2.1500,68.4600,32.8900,7.3800,20.9000,1.4100,2.0400,0.6700,2,12.9100,5.6599,-2.6367,expired,0
AMZN,Tech,breakout,2023,9.1700,4.4300,1.5400,3.2000,1.3000,66.4700,27.8500,2.7000,21.5300,1.1200,1.9800,0.6700,2,13.6100,1.0627,-3.8867,hit_stop,0
AMZN,Tech,breakout,2023,10.8900,4.4300,2.0600,3.6000,1.2500,65.4600,19.8300,5.6600,22.8400,2.4600,2.1300,0.6600,4,17.1000,0.4694,-6.7345,hit_stop,0
AMZN,Tech,breakout,2023,8.7700,4.3700,2.5500,1.8500,3.2400,65.2200,22.2000,4.9800,17.5800,1.0700,1.7500,0.6400,1,12.6900,4.9171,-3.4089,expired,0
AMZN,Tech,breakout,2023,7.8400,4.3900,0.5500,2.9000,1.3200,68.0500,18.2300,1.0000,19.7300,1.2100,2.1500,0.6500,3,12.5600,1.7855,-2.9496,hit_stop,0
AMZN,Tech,breakout,2024,11.3100,4.9600,2.5500,3.8000,1.8600,62.7900,18.0000,2.1700,17.5300,1.0300,1.5800,0.6300,3,12.4400,0.9510,-2.3578,hit_stop,0
AMZN,Tech,breakout,2024,9.5000,4.3000,2.0500,3.1500,2.4200,64.6600,18.9000,0.2300,17.7200,1.0100,1.5200,0.6000,2,13.4500,8.2591,-2.8430,hit_target,1
AMZN,Tech,breakout,2024,9.6200,4.4300,1.9900,3.2000,2.6500,65.3100,28.2600,6.7300,24.8500,1.0400,1.9900,0.6600,2,14.5400,2.5270,-2.4075,expired,0
AMZN,Tech,breakout,2024,8.5900,4.4500,1.4400,2.7000,3.0900,66.3900,29.4500,8.6700,24.9000,1.0300,1.9700,0.6800,2,13.4000,1.4702,-3.4135,hit_stop,0
AMZN,Tech,breakout,2024,9.1600,4.5200,1.4900,3.1500,1.9300,66.3800,28.6500,3.6500,23.7200,1.2000,1.7900,0.7100,2,16.0300,1.3512,-4.5877,hit_stop,0
AMZN,Tech,breakout,2024,9.0600,4.6100,1.5500,2.9000,2.7300,67.8200,24.8700,7.7900,20.8600,1.0500,2.4400,0.7600,3,12.0300,1.2837,-2.9147,hit_stop,0
AMZN,Tech,breakout,2024,8.3100,4.3600,1.0500,2.9000,2.4600,67.0100,18.4200,7.8600,12.6400,1.0100,2.2700,0.6300,3,15.8900,0.4026,-4.6968,hit_stop,0
AMZN,Tech,breakout,2024,11.4200,5.1200,2.0000,3.5000,1.9800,67.3900,21.6300,3.9800,19.8400,1.1400,2.5000,0.7100,4,13.4500,5.5493,-0.9151,expired,0
AMZN,Tech,breakout,2024,8.9000,4.5900,1.4100,2.9000,3.5100,72.5700,34.2200,11.3700,25.5500,1.0200,2.9900,0.7400,3,14.6900,0.2730,-4.6193,hit_stop,0
AMZN,Tech,breakout,2025,8.4200,4.4200,1.0500,2.9500,2.3600,66.4100,19.8100,5.1600,7.7300,0.9700,1.7900,0.6600,2,16.7700,3.2475,-4.3685,expired,0
AMZN,Tech,pullback,2025,9.9300,4.2300,4.0000,1.7000,1.2800,57.1400,20.3900,0.7700,6.4800,1.0100,0.5900,0.5700,2,17.4800,5.2412,-0.5208,hit_target,1
AMZN,Tech,breakout,2025,10.0200,4.3700,2.5500,3.1000,1.8500,64.0400,24.1300,1.5400,11.2900,1.1500,1.5400,0.6400,3,16.4000,4.5668,-5.9240,hit_stop,0
AMZN,Tech,breakout,2025,8.3300,4.5800,2.0000,1.7500,2.2900,68.2600,26.1400,5.0500,13.6600,1.0000,2.1000,0.7400,2,15.3900,1.3628,-8.8065,hit_stop,0
GOOGL,Tech,breakout,2023,10.1900,4.5900,2.0000,3.6000,1.6700,73.4100,20.7100,8.8300,14.5800,2.2200,3.0600,0.7400,3,16.9300,8.4920,-0.0861,hit_target,1
GOOGL,Tech,breakout,2023,7.5400,4.4900,0.6000,2.4500,2.5000,69.5900,19.3300,7.0200,20.2600,1.0300,2.4800,0.6900,2,13.3300,1.4146,-3.3644,hit_stop,0
GOOGL,Tech,breakout,2023,9.6300,4.4800,2.0000,3.1500,1.6300,66.1400,20.4700,5.6700,18.8100,1.1500,1.7100,0.6900,2,13.5700,2.7466,-3.9649,hit_stop,0
GOOGL,Tech,breakout,2023,9.8400,4.3400,2.5500,2.9500,2.1500,65.5600,22.2900,4.8700,18.5800,0.9800,1.5000,0.6200,2,12.8200,1.8666,-2.1887,hit_stop,0
GOOGL,Tech,breakout,2023,10.6100,4.4600,2.5500,3.6000,2.1300,64.6200,19.0000,4.7500,17.5500,1.0200,1.8600,0.6800,3,16.0900,0.9614,-3.0851,hit_stop,0
GOOGL,Tech,breakout,2024,9.3600,4.4600,2.0000,2.9000,1.7800,68.8000,21.5500,5.5200,14.6800,1.4100,2.1100,0.6800,3,13.3000,5.4082,-4.1264,hit_stop,0
GOOGL,Tech,breakout,2024,10.1900,4.4400,2.1500,3.6000,1.9200,62.7700,21.1200,2.1000,11.5400,1.8600,2.0700,0.6700,3,14.3300,7.1351,-0.8513,hit_target,1
GOOGL,Tech,breakout,2024,9.5900,4.4900,2.0000,3.1000,2.8900,66.3400,29.3900,11.8600,15.9100,1.0500,1.9800,0.7000,3,14.9800,2.1095,-3.8493,hit_stop,0
GOOGL,Tech,breakout,2024,10.1300,4.3800,2.1500,3.6000,2.8200,62.1700,22.2500,2.9500,5.7700,1.0900,1.6100,0.6400,3,19.2600,2.4755,-2.8405,hit_stop,0
GOOGL,Tech,breakout,2025,10.1900,4.4400,2.5500,3.2000,1.6200,61.3500,22.6400,1.9200,16.7700,1.2600,1.2200,0.6700,2,15.0600,1.3929,-3.7398,hit_stop,0
GOOGL,Tech,breakout,2025,10.5100,4.3600,2.5500,3.6000,1.5200,63.8300,19.4100,5.0900,18.7600,1.2800,1.7300,0.6300,3,16.4300,1.7995,-7.5520,hit_stop,0
GOOGL,Tech,breakout,2025,8.8400,3.7400,2.0000,3.1000,2.1300,66.6100,21.2600,9.4000,6.2900,1.4400,2.0000,0.6900,3,16.9500,0.6698,-6.0847,hit_stop,0
GOOGL,Tech,breakout,2025,9.3800,4.4800,2.0000,2.9000,2.8900,72.2200,22.4800,8.2700,11.6900,1.1200,2.5400,0.6900,3,16.6500,6.7885,-1.9217,expired,0
GOOGL,Tech,breakout,2025,9.4900,4.5900,2.0000,2.9000,2.5100,71.7800,35.4300,9.6100,16.2100,1.0100,2.4100,0.7400,3,15.1500,6.5948,-2.3688,expired,0
GOOGL,Tech,breakout,2025,9.1900,4.4400,2.0000,2.7500,2.0800,68.9400,34.9400,5.3900,17.0400,1.3700,1.7600,0.6700,1,14.2200,11.4693,-0.8963,hit_target,1
GOOGL,Tech,breakout,2026,9.4100,4.3600,2.1500,2.9000,2.1100,62.0200,25.5000,3.2500,16.3500,1.1400,2.0600,0.6300,3,21.0400,10.3619,-1.4218,hit_target,1
GOOGL,Tech,breakout,2026,7.5600,4.4600,1.5000,1.6000,4.4400,69.0400,29.5600,11.9200,23.1800,1.0200,2.5200,0.6800,2,18.7100,14.7181,-1.2452,hit_target,1
META,Tech,breakout,2024,8.1800,4.4900,1.2900,2.4000,2.5800,70.8400,21.5200,10.3200,27.6200,1.3600,2.6700,0.7000,3,12.6900,8.8529,-3.1203,hit_target,1
META,Tech,breakout,2024,8.4800,4.4700,1.1100,2.9000,2.2800,72.5800,25.8100,7.8500,29.9300,1.4200,2.8100,0.6800,3,13.3000,26.3481,-0.6604,hit_target,1
META,Tech,breakout,2024,7.5800,4.5600,0.5700,2.4500,2.4500,72.6400,18.8200,5.3500,22.4700,1.1500,2.3700,0.7300,2,15.8900,6.8965,-0.3014,expired,0
META,Tech,breakout,2024,7.7100,4.5600,1.5000,1.6500,3.0900,75.8100,26.2900,9.4400,23.3900,1.2200,2.1000,0.7300,1,19.2600,5.7529,-1.3417,expired,0
META,Tech,breakout,2024,8.4900,4.5700,1.5200,2.4000,2.3900,69.9300,20.7800,3.3700,22.4100,1.4400,2.5100,0.7300,3,12.7700,3.3746,-3.3615,hit_stop,0
META,Tech,pullback,2025,8.8600,3.2600,4.5000,1.1000,1.1500,55.3700,18.8200,2.9000,16.4500,1.5200,0.5700,0.6300,2,19.5400,9.7179,-2.7303,hit_target,1
META,Tech,breakout,2025,9.7700,4.8200,1.3500,3.6000,2.4600,74.1400,36.4300,13.3400,26.7400,1.9300,2.5800,0.8600,3,15.8400,9.6167,-1.9914,expired,0
META,Tech,breakout,2025,9.0600,4.5600,1.6000,2.9000,3.2000,69.7600,22.8600,14.5800,14.7200,1.0700,2.9400,0.7300,3,18.2200,6.1289,-4.8343,expired,0
META,Tech,breakout,2025,9.3500,4.4500,2.0000,2.9000,2.1900,69.7800,26.8800,7.8000,15.5500,1.2500,2.2200,0.6800,3,18.3600,7.1433,-0.1121,expired,0
META,Tech,breakout,2025,9.6000,4.4000,2.0000,3.2000,2.6000,66.5300,33.6900,8.5800,19.5300,1.1500,1.9600,0.6500,2,17.4800,4.6951,-2.4147,expired,0
META,Tech,breakout,2025,10.6400,5.1100,0.5300,4.2000,1.2500,69.6800,19.4100,6.5200,24.0100,3.1000,2.9800,0.7000,5,16.7200,4.7697,-3.8158,expired,0
META,Tech,breakout,2025,9.4200,4.5100,2.0100,2.9000,2.4400,65.5900,24.7600,7.9000,24.4400,1.0900,2.3400,0.7000,3,14.7300,2.3616,-2.7408,hit_stop,0
META,Tech,breakout,2025,7.9400,2.6400,2.1500,3.1500,2.6300,59.8500,28.2500,6.5100,0.7800,1.0600,1.7800,0.6200,2,15.4100,0.1070,-3.0688,hit_stop,0
META,Tech,breakout,2026,7.8900,2.6400,1.6500,3.6000,2.0400,60.4100,22.5700,0.3800,1.5100,1.1900,1.6600,0.6200,3,16.1500,10.3039,-1.2454,hit_target,1
TSLA,Consumer,breakout,2023,7.7800,2.8800,2.0000,2.9000,2.5400,70.3100,24.9900,23.1800,2.9500,1.0600,2.7300,0.7400,3,17.4600,16.1114,-1.5894,hit_target,1
TSLA,Consumer,breakout,2024,7.9400,1.7900,2.5500,3.6000,1.6000,65.2400,19.3800,7.8000,-0.0800,1.3300,1.9900,0.6900,3,12.5500,15.9108,-2.1498,hit_target,1
TSLA,Consumer,breakout,2024,9.9200,4.4700,2.5500,2.9000,1.9500,64.5700,18.2800,11.8200,19.5800,1.1200,2.1200,0.6900,3,15.8900,4.8784,-7.9987,hit_stop,0
TSLA,Consumer,breakout,2024,9.5000,4.4600,1.4400,3.6000,2.2900,67.7900,26.8300,2.0300,24.9500,1.9200,2.9900,0.6800,3,20.3300,0.1777,-5.7692,hit_stop,0
TSLA,Consumer,breakout,2025,8.7100,3.8100,2.0000,2.9000,2.7200,70.0500,21.5700,23.5300,16.1900,1.2300,2.7800,0.7300,3,18.2200,8.0420,-19.7244,hit_stop,0
TSLA,Consumer,breakout,2025,8.4300,4.5500,1.4800,2.4000,2.5100,70.5100,31.4500,19.6200,24.0800,1.1300,2.5500,0.7200,3,18.9600,0.6625,-8.7492,hit_stop,0
BRK-B,Finance,breakout,2023,9.6500,4.4000,2.0500,3.2000,2.7600,65.5300,22.9400,0.0600,8.6300,1.2100,1.5900,0.6500,2,13.5900,3.2760,-0.3970,expired,0
BRK-B,Finance,breakout,2023,10.0800,4.4800,2.0000,3.6000,2.0300,68.7300,31.7400,1.5300,10.3700,1.0400,1.8700,0.6900,3,15.9200,2.5019,-1.7204,expired,0
BRK-B,Finance,breakout,2023,10.1100,4.3600,2.5500,3.2000,1.7200,65.2800,20.7900,2.6100,10.5200,1.0900,1.4500,0.6300,2,13.8800,3.1326,-0.7569,hit_target,1
BRK-B,Finance,breakout,2023,9.7100,4.5600,2.0000,3.1500,2.0600,68.7300,27.1700,1.3700,11.0600,1.1200,1.7000,0.7300,2,13.8000,1.0858,-3.2654,hit_stop,0
BRK-B,Finance,breakout,2023,9.1300,4.6300,2.0000,2.5000,2.6900,71.8100,35.3300,3.0800,11.9000,0.9800,1.9900,0.7600,1,14.0000,0.0027,-2.2594,hit_stop,0
BRK-B,Finance,breakout,2023,9.4800,4.2300,1.6500,3.6000,2.0400,59.7800,31.9100,0.3800,4.8300,1.4800,1.6900,0.5600,3,14.9100,0.0404,-0.7237,hit_stop,0
BRK-B,Finance,breakout,2023,9.0800,4.3300,1.1500,3.6000,2.6200,61.8200,22.4300,-0.3500,5.2800,1.0700,1.6900,0.6100,3,14.1600,1.5093,-1.9397,expired,0
BRK-B,Finance,breakout,2024,9.5500,4.3500,2.0500,3.1500,1.8800,60.5900,19.2900,0.3300,6.6300,1.1300,1.2600,0.6300,2,13.1900,2.2710,-0.1342,hit_target,1
BRK-B,Finance,breakout,2024,9.5500,4.6500,2.0000,2.9000,3.0800,73.5200,34.7000,1.6500,12.1500,1.1400,3.1500,0.7700,3,13.8500,6.6540,-0.0743,hit_target,1
BRK-B,Finance,pullback,2024,10.1800,4.7800,4.0000,1.4000,1.1500,59.6800,23.6800,0.7700,10.2100,0.7800,1.1100,0.5400,2,16.1900,8.0172,-0.2491,hit_target,1
BRK-B,Finance,breakout,2024,8.0400,4.2900,2.0500,1.7000,3.3500,65.8100,22.5100,0.3200,12.0700,0.9700,1.7000,0.6000,0,17.5500,6.4813,-0.4327,hit_target,1
BRK-B,Finance,breakout,2024,11.1000,4.8500,1.6500,3.8000,1.6700,60.6500,21.4200,0.4400,10.5200,1.8700,1.7500,0.5800,4,16.2700,6.4267,-0.5368,hit_target,1
BRK-B,Finance,breakout,2024,9.5600,4.3600,2.0500,3.1500,2.4400,59.7700,20.7400,0.9800,10.1100,1.4800,1.3300,0.6300,2,16.1400,4.4395,-2.3939,hit_stop,0
BRK-B,Finance,breakout,2024,9.9000,4.4000,2.5500,2.9500,2.8500,63.7900,21.3400,2.1200,11.0100,0.9700,1.7000,0.6500,2,15.2400,2.8168,-2.4467,hit_stop,0
BRK-B,Finance,breakout,2025,9.4900,4.5900,2.0000,2.9000,2.0900,72.0300,28.4500,16.0300,15.2300,1.0700,2.5500,0.7500,3,20.5100,2.5319,-6.2223,hit_stop,0
BRK-B,Finance,breakout,2025,7.9700,4.6700,2.0000,1.3000,2.5200,72.3000,38.0400,11.9900,16.2200,0.9800,2.3200,0.7900,1,18.3300,0.2186,-3.0541,hit_stop,0
BRK-B,Finance,breakout,2025,8.6800,3.9800,1.1500,3.5500,2.3200,59.4200,22.7000,-0.2400,1.1800,0.9600,1.5100,0.6100,3,15.5700,4.1910,-1.1103,expired,0
BRK-B,Finance,breakout,2025,9.6600,4.3600,2.1500,3.1500,2.7600,63.5200,24.2600,1.7300,2.5200,1.6300,1.7100,0.6300,2,14.6200,1.9336,-2.3613,expired,0
BRK-B,Finance,breakout,2025,8.4500,4.5000,1.0500,2.9000,2.1800,69.3400,19.9200,3.2500,5.5700,1.4300,2.8100,0.7000,3,20.0000,0.1038,-1.9834,hit_stop,0
BRK-B,Finance,pullback,2025,10.2600,4.1600,4.5000,1.6000,1.1500,61.0500,20.1200,6.4500,4.2200,2.2100,1.1700,0.5300,2,20.5200,1.4924,-3.9921,expired,0
BRK-B,Finance,breakout,2026,9.2900,3.5400,2.1500,3.6000,2.0900,62.3700,26.8500,1.7700,2.7600,2.0200,1.9100,0.7000,3,18.6400,1.0869,-2.4535,hit_stop,0
BRK-B,Finance,pullback,2026,10.2700,4.3200,4.5000,1.4500,1.4400,57.3500,24.0200,7.0400,2.2600,0.9800,0.8300,0.6100,2,18.6300,0.1050,-3.4974,hit_stop,0
V,Finance,breakout,2023,9.1400,4.4900,1.5500,3.1000,2.7000,64.0600,24.1800,-0.3200,7.1400,2.2800,1.9900,0.7000,3,14.1600,3.5400,-1.2028,expired,0
V,Finance,breakout,2023,8.8300,4.4300,1.5000,2.9000,3.5500,70.9800,28.1500,0.7200,8.9900,1.0800,2.4800,0.6600,3,13.3500,3.5642,-1.0150,expired,0
V,Finance,breakout,2023,7.8400,4.4400,1.0000,2.4000,3.4300,73.9600,29.6000,-0.1700,10.2800,1.0900,2.6000,0.6700,3,12.9200,2.8682,-1.4732,expired,0
V,Finance,breakout,2023,7.8000,4.4500,1.0000,2.3500,2.6300,69.3100,29.7700,-0.2600,9.4900,1.0600,1.5000,0.6700,1,12.6300,1.5821,-1.8136,expired,0
V,Finance,breakout,2024,8.6900,4.4900,1.0000,3.2000,1.6900,66.6800,31.2200,-0.4200,10.3300,1.2300,1.6100,0.6900,2,12.7600,2.1435,-1.1715,hit_target,1
V,Finance,breakout,2024,10.1100,4.5100,2.0000,3.6000,2.1000,71.8200,34.8700,2.7000,11.1200,1.0100,1.9100,0.7000,3,14.7900,3.9004,-0.9621,hit_target,1
V,Finance,breakout,2024,9.2900,4.3900,2.0000,2.9000,2.4100,70.2800,38.7500,2.0300,12.9300,1.1800,2.1000,0.6400,3,13.6000,1.6326,-1.4218,expired,0
V,Finance,pullback,2024,10.2100,4.2100,4.0000,2.0000,1.1500,60.5200,20.8700,0.0600,12.8500,1.5300,1.0900,0.5600,2,13.8400,0.6922,-4.2117,expired,0
V,Finance,breakout,2024,9.5600,4.4100,1.5500,3.6000,2.2000,65.4600,21.7300,-0.4800,14.0700,1.1100,1.8400,0.6600,3,13.0400,0.1690,-2.4517,hit_stop,0
V,Finance,breakout,2024,11.0500,4.9000,1.1500,4.2000,2.1700,62.8600,19.4300,-0.2200,7.9300,1.2800,1.6400,0.6000,4,12.5500,0.1968,-1.8501,hit_stop,0
V,Finance,breakout,2024,9.5400,4.6400,2.0000,2.9000,2.7800,74.7600,25.0900,7.4300,7.9500,1.4200,3.0600,0.7700,3,19.4500,0.0526,-2.3577,hit_stop,0
V,Finance,breakout,2024,11.5000,4.5500,2.5500,3.6000,1.9200,61.7600,20.4700,2.7900,7.4900,1.7400,1.5500,0.7200,4,20.3500,7.1094,-0.4506,hit_target,1
V,Finance,breakout,2024,8.5400,4.7400,2.0000,1.8000,3.2300,75.0300,32.4100,7.6000,13.2500,0.9900,3.1700,0.8200,1,14.9400,2.7116,-0.9125,expired,0
V,Finance,breakout,2024,9.4100,4.6100,2.0000,2.8000,3.5000,70.8500,44.8100,7.5400,13.7300,2.2500,2.0700,0.7600,2,14.6000,3.4913,-1.3289,expired,0
V,Finance,pullback,2024,9.8100,4.1100,4.5000,1.7000,1.1500,57.4600,27.2200,3.1800,11.9400,1.3300,0.6600,0.5000,2,24.0900,1.8660,-3.0603,expired,0
V,Finance,pullback,2025,9.0500,4.1500,4.1000,0.8000,1.1500,56.0600,21.3800,2.0500,10.5100,0.7700,0.7100,0.5200,2,16.1200,5.6661,-0.2488,hit_target,1
V,Finance,breakout,2025,8.3500,4.4500,1.5000,2.4000,2.4000,69.5300,22.2400,0.1600,13.9800,1.0200,2.4800,0.6800,3,15.0200,6.4394,-0.5909,hit_target,1
V,Finance,breakout,2025,9.4300,4.6800,1.5500,3.2000,2.0000,73.8600,47.1200,7.7000,20.5300,2.5100,2.5400,0.7900,2,19.6300,0.0444,-2.6964,hit_stop,0
V,Finance,breakout,2025,11.8200,4.7200,2.6000,4.2000,2.5800,57.9100,21.1100,0.9000,10.3400,1.2600,1.0400,0.5100,4,24.7000,6.4924,-0.4205,expired,0
V,Finance,breakout,2025,10.1600,4.4100,2.5500,3.2000,2.3600,63.7000,24.9900,1.2800,13.7900,1.6300,1.4500,0.6500,2,18.5700,2.9980,-5.3706,hit_stop,0
V,Finance,breakout,2025,10.3800,3.2300,2.1500,4.2000,1.4600,63.5000,25.2600,1.1400,2.9600,1.9100,2.0700,0.6200,5,14.8500,3.1021,-1.2506,expired,0
V,Finance,breakout,2025,9.5700,4.3700,2.5500,2.6500,2.3500,64.8000,24.5300,3.2600,3.8500,2.5000,1.8900,0.6300,2,14.9100,1.8807,-4.1705,hit_stop,0
V,Finance,breakout,2026,10.4600,4.3100,2.5500,3.6000,2.9200,65.4500,26.0900,6.7600,5.8100,1.0700,1.7300,0.6000,3,14.7500,0.3803,-4.9803,hit_stop,0
V,Finance,breakout,2026,9.1200,3.4700,0.6500,4.2000,1.2500,72.3600,18.4500,1.3800,2.9200,2.5100,2.9600,0.7300,5,18.8100,0.8922,-5.0228,expired,0
JPM,Finance,breakout,2023,8.3500,4.4000,1.0500,2.9000,2.0300,68.3100,18.1800,1.9600,11.6200,1.1500,2.1700,0.6500,3,14.8400,4.3779,-0.6389,hit_target,1
JPM,Finance,breakout,2023,8.3200,4.6700,2.0000,1.6500,4.6500,72.8200,35.4300,2.2700,9.2300,1.2000,2.5300,0.7800,1,12.9800,7.2583,0.0000,hit_target,1
JPM,Finance,breakout,2023,7.8500,4.7000,2.0000,1.1500,4.1200,75.4600,46.0500,3.8000,11.6300,1.0400,2.7500,0.8000,1,12.6300,6.3170,-0.4672,hit_target,1
JPM,Finance,pullback,2024,9.6100,4.4100,4.0000,1.2000,1.1500,64.3200,53.5900,0.1300,15.3300,1.2900,0.9300,0.6600,2,13.3000,5.0864,-0.7249,expired,0
JPM,Finance,breakout,2024,7.8200,4.5700,1.5000,1.7500,2.2700,73.2700,46.8800,0.9900,18.0500,0.9800,2.4500,0.7300,2,13.3100,0.6911,-1.2728,hit_stop,0
JPM,Finance,breakout,2024,8.3000,4.5500,2.0000,1.7500,2.4900,71.8200,40.1700,2.0800,18.1300,1.0000,2.2400,0.7300,2,14.0100,6.0718,-0.4353,hit_target,1
JPM,Finance,breakout,2024,8.8500,4.4100,1.5400,2.9000,2.4800,71.6900,46.3300,4.6200,21.3700,1.1300,2.2900,0.6600,3,14.3300,3.4760,-0.2987,expired,0
JPM,Finance,breakout,2024,8.4900,4.5500,1.4900,2.4500,3.0800,71.9900,45.4500,4.5500,23.7000,1.0400,2.7900,0.7300,2,12.7800,0.4750,-2.8116,hit_stop,0
JPM,Finance,pullback,2024,10.1900,4.7900,4.5000,0.9000,1.1500,56.3000,31.4200,1.8000,16.5100,0.6600,0.9300,0.5400,2,15.9700,3.2443,-2.6399,expired,0
JPM,Finance,breakout,2024,8.8400,4.4400,2.0000,2.4000,3.2900,70.4500,21.2700,7.5300,18.9000,1.0200,2.3700,0.6700,3,13.4200,1.8099,-3.3726,hit_stop,0
JPM,Finance,breakout,2024,10.5500,4.4000,2.5500,3.6000,2.6900,65.6400,22.4300,5.2100,17.2800,1.0900,1.8500,0.6500,3,13.1200,1.7587,-7.9093,hit_stop,0
JPM,Finance,breakout,2024,9.4700,4.5700,2.0000,2.9000,4.6300,73.3400,25.5900,7.1100,19.2500,1.2000,2.7900,0.7300,3,15.0000,0.4660,-1.7327,hit_stop,0
JPM,Finance,breakout,2024,12.0800,5.0800,2.0000,4.2000,1.2500,68.2800,20.4100,6.0200,15.1300,2.0200,2.4000,0.6900,4,20.4600,1.3816,-2.0075,expired,0
JPM,Finance,breakout,2024,9.2000,4.7700,1.5300,2.9000,2.7200,69.1100,40.2700,8.6500,21.9800,1.2700,2.5200,0.8400,3,16.1400,4.9783,-1.4902,expired,0
JPM,Finance,breakout,2024,8.6300,4.7200,1.5100,2.4000,2.8300,69.7800,46.2600,8.1200,22.8800,1.0700,2.2800,0.8100,3,14.6000,0.9705,-2.8554,hit_stop,0
JPM,Finance,pullback,2025,9.2500,3.0500,4.5000,1.7000,1.1500,55.8100,18.7600,2.2100,14.5200,1.0700,0.6600,0.5300,2,16.1300,7.6320,-1.4041,hit_target,1
JPM,Finance,breakout,2025,9.7500,4.6000,1.5500,3.6000,2.8000,73.3100,21.4500,10.0700,20.8500,1.6200,2.7900,0.7500,3,15.9700,5.9528,-1.0080,expired,0
JPM,Finance,breakout,2025,8.8400,4.4900,1.4500,2.9000,3.0700,75.4100,38.0800,5.6900,24.6500,1.0000,2.4700,0.7000,3,15.3500,0.0215,-4.6433,hit_stop,0
JPM,Finance,breakout,2025,7.7700,4.4700,1.0500,2.2500,2.8200,70.9100,18.9500,4.6500,14.4000,0.9900,2.4400,0.6800,2,18.6200,0.3589,-4.2991,expired,0
JPM,Finance,breakout,2025,8.3900,4.2900,1.5500,2.5500,1.4500,64.6100,19.3300,-0.1600,13.0700,0.9600,1.3300,0.6000,1,16.9500,5.9395,-1.5551,hit_target,1
JPM,Finance,breakout,2025,9.7000,4.5000,2.0000,3.2000,1.6200,67.1800,20.5600,2.3400,14.4400,1.3100,1.7200,0.7000,2,20.1400,5.2171,-1.0725,hit_target,1
JPM,Finance,breakout,2025,8.4000,4.4500,1.0500,2.9000,2.6100,69.6500,18.2300,3.4000,18.3700,1.0700,2.1900,0.6700,3,15.7000,2.6501,-1.5411,hit_stop,0
JPM,Finance,breakout,2026,9.9100,4.9100,2.1500,2.8500,1.2800,65.5800,20.5000,7.1100,5.4400,0.9900,2.0300,0.6100,3,21.0400,3.3032,-1.8516,expired,0
JPM,Finance,breakout,2026,9.2800,4.3800,2.0000,2.9000,2.5300,67.2900,21.3500,1.9100,7.9900,1.1100,2.0400,0.6400,3,18.8700,0.1906,-2.6298,hit_stop,0
UNH,Health,breakout,2023,9.7500,2.0500,3.1000,3.8000,1.8300,54.4000,19.9400,1.7000,-1.7700,2.3300,0.9400,0.5300,4,13.3400,5.1765,-0.3740,hit_target,1
UNH,Health,breakout,2023,9.7200,3.5700,2.5500,3.6000,1.9400,65.4900,18.0100,5.2200,3.4200,1.5500,2.0000,0.6100,3,17.2000,6.9792,-1.5503,hit_target,1
UNH,Health,breakout,2023,9.8300,4.3800,2.5500,2.9000,2.5600,64.9400,19.3300,13.4300,4.9200,1.1800,2.0500,0.6400,3,17.6100,7.3191,-0.5653,hit_target,1
UNH,Health,breakout,2023,9.5500,4.6500,2.0000,2.9000,2.9300,74.3900,29.2800,13.5100,9.3700,1.6600,3.1200,0.7800,3,19.3200,0.7482,-3.6393,hit_stop,0
UNH,Health,breakout,2024,7.3700,1.6200,2.1500,3.6000,2.4500,60.6000,33.1700,3.8100,-1.3800,1.6400,1.9200,0.6100,3,18.0000,3.1741,-4.1605,expired,0
UNH,Health,breakout,2024,7.2200,3.7700,1.0000,2.4500,2.5000,70.8200,23.5100,-0.1400,4.2600,1.1100,2.3500,0.7100,2,12.4200,0.3145,-3.2614,hit_stop,0
UNH,Health,breakout,2024,8.9700,4.5700,1.5000,2.9000,2.1700,74.5000,36.4500,0.7900,15.9300,1.1700,2.1700,0.7400,3,21.3200,0.7955,-3.4571,hit_stop,0
UNH,Health,breakout,2024,8.3400,4.4400,1.0000,2.9000,2.4500,68.9600,21.1400,-0.2400,13.6000,1.0300,2.7400,0.6700,3,14.9400,0.7909,-4.9372,hit_stop,0
UNH,Health,pullback,2024,9.7000,3.1000,4.5000,2.1000,1.1500,55.7500,18.7600,4.1900,9.8800,1.2400,0.8200,0.5500,3,17.1600,4.0547,-9.0918,hit_stop,0
UNH,Health,breakout,2025,7.3500,1.6000,2.1500,3.6000,2.9600,61.1900,24.2700,17.0000,-1.9500,1.9700,1.6300,0.6000,3,19.2800,12.8753,-2.8344,hit_target,1
UNH,Health,breakout,2025,7.4800,1.7300,2.1500,3.6000,1.2900,64.2700,32.8100,5.0300,-24.3100,3.1100,2.9600,0.6700,3,15.0900,13.8589,-4.7588,hit_target,1
UNH,Health,breakout,2025,6.4000,1.9000,2.0000,2.5000,2.8200,71.5700,34.5100,11.2500,-5.0000,1.0300,2.0900,0.7500,2,16.6500,4.6771,-2.3872,expired,0
UNH,Health,breakout,2026,8.4900,2.3900,1.6000,4.2000,1.2500,67.4700,28.0800,10.4500,-5.2200,2.3600,3.0100,0.6900,4,25.7800,16.9577,-0.9483,hit_target,1
MA,Finance,breakout,2023,10.0400,4.4400,2.0000,3.6000,2.8500,68.2200,27.9700,1.8900,11.2700,1.2500,1.9300,0.6700,3,13.9100,1.0346,-0.8593,hit_stop,0
MA,Finance,breakout,2023,8.5500,4.6000,1.0500,2.9000,2.2800,69.1500,18.5800,5.9300,11.3200,1.2700,2.4400,0.7500,3,13.8800,1.1502,-2.8368,hit_stop,0
MA,Finance,breakout,2023,7.6700,4.4700,2.0000,1.2000,3.0100,66.6600,26.2800,4.9100,10.9800,0.9600,1.6900,0.6900,0,14.2300,0.0717,-2.5149,hit_stop,0
MA,Finance,breakout,2023,8.0600,4.4600,2.0000,1.6000,3.5800,70.1100,25.9300,1.5500,7.8100,1.3100,2.3100,0.6800,2,12.9200,0.2465,-2.2981,hit_stop,0
MA,Finance,breakout,2023,9.3700,4.4700,2.0000,2.9000,2.2500,71.0600,26.5700,1.2600,8.9800,1.1100,2.4000,0.6900,3,12.0700,0.1976,-3.1552,hit_stop,0
MA,Finance,breakout,2024,9.1600,4.4100,1.5500,3.2000,1.5600,65.3200,24.1200,-0.3900,9.3000,1.0600,1.5000,0.6500,2,12.6900,2.5561,-1.0396,hit_target,1
MA,Finance,breakout,2024,9.4100,4.5100,2.0000,2.9000,1.4700,71.3000,27.1500,1.2200,10.8500,1.0900,2.2800,0.7100,3,13.3000,4.9356,-2.1805,hit_target,1
MA,Finance,breakout,2024,9.1500,4.4000,1.5500,3.2000,2.3900,64.6800,25.8400,-0.2100,15.3100,1.1700,1.7000,0.6500,2,14.4000,2.3734,-2.0140,hit_stop,0
MA,Finance,breakout,2024,8.3700,4.4700,1.5000,2.4000,2.2600,69.2600,26.9700,0.4100,16.5900,1.1600,2.3000,0.6900,3,12.9200,0.1495,-1.4929,hit_stop,0
MA,Finance,breakout,2024,10.0100,4.4100,2.0000,3.6000,2.1700,67.1300,22.9800,4.1200,9.5200,1.2100,1.9300,0.6600,3,19.4500,3.1407,-1.7841,expired,0
MA,Finance,breakout,2024,8.8900,4.4900,2.0000,2.4000,2.4900,75.4000,25.6100,6.6600,11.9400,1.0800,2.5700,0.6900,3,17.6100,0.2260,-2.7500,hit_stop,0
MA,Finance,breakout,2024,8.4600,4.5600,1.0000,2.9000,1.9900,72.1900,20.7400,0.0000,12.6400,1.1700,2.4500,0.7300,3,19.5800,2.5965,-3.0143,hit_stop,0
MA,Finance,pullback,2024,10.7500,4.5500,4.5000,1.7000,1.4300,54.4300,27.8400,2.5600,9.8600,1.5800,0.2800,0.7200,2,21.8800,5.6272,-0.3897,hit_target,1
MA,Finance,pullback,2024,10.3900,4.3900,4.0000,2.0000,1.1500,60.6800,33.2500,0.7400,11.8100,1.5600,1.1400,0.6500,2,14.6000,1.4554,-2.0565,expired,0
MA,Finance,pullback,2024,9.6200,4.3200,4.1000,1.2000,1.2200,53.3800,21.7800,2.6000,9.9200,2.5700,0.2400,0.6100,2,18.3600,1.5927,-3.4501,hit_stop,0
MA,Finance,breakout,2025,9.3700,4.4700,2.0000,2.9000,1.9800,68.8800,20.5200,2.7000,12.1400,1.2700,2.7100,0.6900,3,17.9000,5.4735,-0.0914,hit_target,1
MA,Finance,breakout,2025,9.7100,4.5100,2.0000,3.2000,1.4700,66.9900,35.9100,3.6100,14.4100,1.3300,1.7800,0.7000,2,19.6300,0.4803,-3.2342,hit_stop,0
MA,Finance,breakout,2025,9.5100,4.2600,2.1500,3.6000,2.7500,60.0600,18.7300,1.2200,7.0400,1.1400,1.3000,0.5800,3,24.7000,5.9068,-0.1152,expired,0
MA,Finance,breakout,2025,8.9300,4.5300,2.0000,2.4000,2.9700,70.6600,25.2300,4.2600,12.0700,1.1900,2.2800,0.7200,3,18.3900,1.7604,-2.7254,expired,0
MA,Finance,pullback,2025,9.6000,4.3000,4.0000,1.3000,1.3500,58.9600,27.7300,0.1800,10.1300,1.1400,0.8700,0.6000,2,18.9600,3.2698,-4.0581,expired,0
MA,Finance,breakout,2025,9.6700,4.3700,2.1500,3.1500,2.3400,62.1300,19.7500,3.7900,3.4400,2.3300,1.5900,0.6400,2,14.9100,2.3928,-3.3279,hit_stop,0
MA,Finance,pullback,2026,9.9300,4.1300,4.5000,1.3000,2.5100,53.7300,21.7400,4.0600,2.4400,1.0900,0.2400,0.5200,2,14.9000,1.7954,-3.8920,hit_stop,0
AVGO,Tech,breakout,2023,9.6500,4.5500,2.0000,3.1000,3.1000,72.3500,20.6500,8.3900,18.8100,1.8400,2.8900,0.7200,3,18.5300,16.5239,-1.2353,hit_target,1
AVGO,Tech,breakout,2023,10.6900,5.1700,0.5200,4.2000,2.2800,71.9300,19.8700,6.3100,24.2400,1.7000,3.1500,0.7300,4,14.1700,3.8999,-4.5691,hit_stop,0
AVGO,Tech,breakout,2023,6.9800,4.5600,1.4200,1.0000,3.3500,69.6200,28.7300,7.5100,25.3100,0.9900,2.5800,0.7300,0,13.8000,1.6410,-4.1887,hit_stop,0
AVGO,Tech,breakout,2024,10.1900,4.7500,1.8900,3.5500,2.1900,59.3700,24.7200,3.4200,26.9000,0.9900,1.5400,0.5200,3,15.2300,4.5857,-8.1766,hit_stop,0
AVGO,Tech,breakout,2025,8.7700,4.5700,1.3000,2.9000,3.3500,73.9200,31.7600,19.2200,27.3900,1.0900,2.4600,0.7300,3,19.3100,10.0365,-2.6200,expired,0
AVGO,Tech,breakout,2026,8.8400,4.4400,2.0000,2.4000,2.5600,70.9600,22.4200,8.5300,18.0500,1.1400,3.1900,0.6700,3,19.2300,11.9873,-0.4181,hit_target,1
AVGO,Tech,breakout,2026,7.3900,4.4200,1.1200,1.8500,4.0800,69.3100,32.0700,18.1700,29.7400,0.9900,2.2800,0.6600,1,17.3800,1.1071,-3.6793,hit_stop,0
HD,Consumer,breakout,2023,9.2900,4.3900,2.5500,2.3500,2.2800,65.6900,21.1600,2.8100,7.4900,1.0400,1.7100,0.6400,1,13.6000,3.0455,-0.5168,expired,0
HD,Consumer,breakout,2023,8.2400,2.6900,1.1500,3.6000,2.0100,60.4400,27.8600,-0.3200,0.5500,2.3800,1.9300,0.6500,4,14.1600,5.3516,-1.1573,hit_target,1
HD,Consumer,breakout,2023,7.3100,3.6600,2.0000,1.6500,3.4100,67.8400,30.5700,2.1200,4.2300,1.3000,2.2200,0.6600,1,12.9200,7.5777,-0.2065,hit_target,1
HD,Consumer,breakout,2024,8.3700,4.5200,2.0000,1.8500,2.1000,71.3300,41.6700,4.1200,14.9100,0.9800,2.6200,0.7100,1,12.6900,1.2356,-3.1964,hit_stop,0
HD,Consumer,breakout,2024,8.3300,4.5800,2.0000,1.7500,2.2200,71.9500,43.2000,1.3400,15.6900,1.0000,2.3400,0.7400,2,13.3000,0.0084,-1.9081,hit_stop,0
HD,Consumer,breakout,2024,8.7000,4.4500,1.5500,2.7000,1.4600,62.1200,30.5800,-0.3400,13.9200,1.0600,1.3800,0.6800,2,12.8300,4.3144,-2.8149,hit_target,1
HD,Consumer,breakout,2024,9.9300,4.3300,2.0000,3.6000,1.6900,67.0800,24.2300,2.3800,15.1000,1.1100,1.7500,0.6200,3,14.5400,3.1030,-0.7764,expired,0
HD,Consumer,breakout,2024,9.4000,4.5000,2.0000,2.9000,2.5700,74.1300,26.7200,2.6200,17.0300,1.4200,2.4500,0.7000,3,13.4000,0.4257,-3.0880,hit_stop,0
HD,Consumer,breakout,2024,9.4900,4.5900,2.0000,2.9000,1.2500,73.2300,27.5400,3.8500,19.4300,1.2500,3.0100,0.7400,3,12.9200,0.1953,-1.5960,hit_stop,0
HD,Consumer,breakout,2024,8.0500,4.5000,0.6500,2.9000,2.2100,66.1800,19.5400,2.0000,5.9000,1.0500,2.3000,0.7000,3,12.3000,0.8032,-5.7237,hit_stop,0
HD,Consumer,breakout,2024,9.5300,4.6300,2.0000,2.9000,2.5800,71.4800,22.2600,4.2800,10.5200,1.0800,3.1000,0.7600,3,14.4800,0.3193,-1.9240,hit_stop,0
HD,Consumer,breakout,2024,8.0700,4.5200,1.0500,2.5000,1.9100,69.0900,18.1700,5.5800,11.3300,1.0000,1.9800,0.7100,1,17.6100,3.2494,-0.9825,hit_target,1
HD,Consumer,breakout,2024,9.9300,4.4800,2.5500,2.9000,2.1900,65.9400,18.5100,3.5200,16.5700,1.1900,2.3800,0.6900,3,14.6000,1.8105,-3.5978,hit_stop,0
HD,Consumer,breakout,2025,9.1500,4.3500,1.6500,3.1500,2.0500,60.6200,27.2700,1.0000,8.5000,1.0100,1.4700,0.6200,2,15.9700,2.0692,-3.9612,expired,0
HD,Consumer,breakout,2025,9.3800,4.4800,2.0000,2.9000,2.5800,67.3500,27.5300,7.5700,12.0400,1.2300,2.4700,0.6900,3,17.9000,0.2737,-2.0061,hit_stop,0
HD,Consumer,breakout,2025,8.7500,4.5000,2.0000,2.2500,2.8600,71.5600,27.3700,7.1100,6.9200,0.9600,2.5000,0.7000,2,14.7300,3.5803,-2.1660,expired,0
HD,Consumer,breakout,2025,9.7500,4.6000,2.0000,3.1500,2.7200,68.9500,33.0800,8.0100,9.4900,2.2300,2.3900,0.7500,2,15.5700,6.9322,-0.9352,expired,0
HD,Consumer,breakout,2025,9.6800,4.4800,2.0000,3.2000,2.1600,66.4400,35.7300,4.4600,10.2400,1.0600,1.7700,0.6900,2,15.3000,1.9713,-3.2234,expired,0
HD,Consumer,breakout,2025,8.9500,4.5500,2.0000,2.4000,2.0500,69.0500,37.7000,2.6000,12.7200,1.3500,2.2900,0.7200,3,14.7100,1.0131,-2.6842,hit_stop,0
PG,Consumer,breakout,2023,8.9700,4.1700,2.1500,2.6500,2.1700,59.7100,24.1200,1.5500,1.8700,1.0000,1.3300,0.5400,2,18.9700,0.2185,-3.1579,hit_stop,0
PG,Consumer,breakout,2024,7.5200,4.5200,1.0500,1.9500,2.7500,69.5300,19.3800,5.2900,6.0300,1.0100,2.7800,0.7100,2,13.2600,2.2323,-0.9147,expired,0
PG,Consumer,breakout,2024,9.0900,4.5400,2.0000,2.5500,1.9500,68.7600,34.0400,1.6200,7.7100,0.9600,1.9800,0.7200,1,15.3400,1.3263,-1.8618,expired,0
PG,Consumer,breakout,2024,12.3000,4.7500,2.5500,4.2000,2.1000,63.1600,22.0400,4.0700,5.9600,1.2600,1.6200,0.5300,4,16.9400,3.8214,-1.1042,hit_target,1
PG,Consumer,breakout,2024,7.8300,4.3800,0.5500,2.9000,3.6600,72.9800,19.4100,0.8800,9.2500,1.0500,2.0300,0.6400,3,12.4200,0.5909,-3.1573,hit_stop,0
PG,Consumer,breakout,2024,9.5800,4.3800,2.5500,2.6500,2.1900,63.8200,23.3400,4.0300,9.7200,1.2000,1.6300,0.6400,2,17.1400,0.4856,-1.4167,hit_stop,0
PG,Consumer,breakout,2024,11.0100,4.8600,1.1500,4.2000,2.4200,58.5200,21.1200,-0.0600,4.3800,1.0200,1.3600,0.5800,4,15.5800,6.1291,-0.2941,hit_target,1
PG,Consumer,breakout,2024,9.7400,4.5900,2.0000,3.1500,3.4900,71.7400,24.4600,1.9000,8.1100,2.5500,2.9100,0.7400,2,14.6000,0.2389,-3.6333,hit_stop,0
PG,Consumer,breakout,2025,10.8900,4.9400,2.1500,3.0000,2.3500,63.1500,29.3400,1.3600,3.2600,1.2900,2.1000,0.6200,4,17.9000,0.5278,-0.9057,hit_stop,0
PG,Consumer,pullback,2025,10.6500,4.2000,4.5000,1.9500,1.1500,57.8500,21.5400,5.6800,3.4100,1.2200,0.9800,0.5500,2,18.9800,4.4753,-2.9023,expired,0
PG,Consumer,breakout,2025,10.0400,4.3900,2.5500,3.6000,2.0600,65.4800,20.8300,8.7800,6.2100,1.0400,1.9400,0.6400,3,22.7800,3.8124,-3.2357,hit_stop,0
PG,Consumer,breakout,2025,8.7900,3.6400,2.0500,3.1000,2.2100,64.7600,19.9200,0.6600,3.2300,1.7500,1.8400,0.6500,3,18.5700,0.7615,-2.5603,hit_stop,0
PG,Consumer,breakout,2026,6.8700,1.8200,2.1500,2.9000,2.8200,65.9200,18.6000,5.4300,-0.3400,1.3500,2.5400,0.7100,3,16.0900,8.1583,-0.8645,hit_target,1
PG,Consumer,breakout,2026,8.1900,2.7400,2.5500,2.9000,3.1800,65.6800,21.5200,5.1800,0.7800,1.0500,2.3200,0.6700,3,17.4400,6.9140,-0.2556,hit_target,1
PG,Consumer,breakout,2026,7.9700,3.8700,2.0000,2.1000,3.3600,74.7700,34.5600,12.2500,6.6000,1.1300,2.8100,0.7600,2,20.8200,1.3879,-2.6133,hit_stop,0
PG,Consumer,breakout,2026,8.6900,3.7900,2.0000,2.9000,2.6900,72.7600,35.0500,11.0000,8.8400,1.2500,2.8100,0.7200,3,21.0100,1.6470,-3.5979,hit_stop,0
COST,Consumer,breakout,2023,7.9400,4.5400,1.0000,2.4000,2.2800,70.2100,22.0600,-0.4500,7.9000,1.3500,2.2800,0.7200,3,13.5900,0.8924,-3.0653,hit_stop,0
COST,Consumer,breakout,2023,8.9000,4.5000,1.5000,2.9000,2.0300,67.7600,26.3700,0.5500,8.8700,1.0800,2.1800,0.7000,3,13.3400,3.3456,-0.5935,hit_target,1
COST,Consumer,breakout,2023,10.0100,4.3100,2.5500,3.1500,2.6200,65.1800,18.5400,1.7500,10.8700,1.0100,1.7300,0.6000,2,13.0800,6.1272,-0.2709,hit_target,1
COST,Consumer,breakout,2024,7.4700,4.5700,1.5000,1.4000,3.3500,70.4700,44.0200,5.0800,23.2400,1.0000,2.4700,0.7400,0,13.8800,5.0856,-0.8865,expired,0
COST,Consumer,breakout,2024,8.4200,4.5700,1.5000,2.3500,2.7700,71.3000,45.7300,2.1900,23.3400,1.2300,1.7400,0.7400,1,15.4200,5.9819,0.0000,hit_target,1
COST,Consumer,breakout,2024,8.5300,4.5800,1.0500,2.9000,2.2200,74.5600,18.1000,7.9300,19.2300,1.1300,3.1300,0.7400,3,13.2300,6.9482,-0.0249,hit_target,1
COST,Consumer,breakout,2024,7.3100,4.6100,1.5500,1.1500,3.5500,70.5300,29.6800,4.3800,20.2400,1.0000,2.7200,0.7500,1,12.4500,7.1534,-0.6817,expired,0
COST,Consumer,breakout,2024,7.7000,4.7200,1.5300,1.4500,3.7300,73.3100,42.1200,6.8800,21.8900,1.0000,2.6600,0.8100,1,11.9300,1.5464,-2.3320,hit_stop,0
COST,Consumer,breakout,2024,7.8000,4.4900,1.5100,1.8000,2.9600,73.3200,44.0200,7.0900,22.9300,0.9600,2.4200,0.6900,1,13.1600,4.6133,-0.1317,expired,0
COST,Consumer,breakout,2024,7.9100,4.4800,1.4300,2.0000,1.5000,73.7900,33.3300,2.0900,25.2000,1.4800,2.6600,0.6900,2,12.4800,1.4505,-4.2236,hit_stop,0
COST,Consumer,breakout,2024,9.4000,4.4000,2.5500,2.4500,2.1400,64.5800,23.7100,4.6000,18.5300,0.9800,1.9200,0.6500,2,15.2300,5.5526,-0.2171,expired,0
COST,Consumer,breakout,2024,9.0900,4.6400,1.5500,2.9000,3.0800,71.9700,30.2600,8.6000,21.0000,1.1600,2.6500,0.7700,3,15.4300,1.0617,-0.8866,hit_stop,0
COST,Consumer,breakout,2024,10.5300,4.3800,2.5500,3.6000,1.6600,65.1500,29.7200,3.2400,19.4900,1.1200,1.6800,0.6400,3,17.0700,0.0683,-5.2061,hit_stop,0
COST,Consumer,breakout,2024,9.5400,4.6400,2.0000,2.9000,2.7500,69.6100,28.8900,5.4700,17.6100,1.1200,2.5200,0.7700,3,15.2400,4.5902,-0.5612,expired,0
COST,Consumer,breakout,2024,7.5300,4.5300,2.0000,1.0000,3.3100,68.7000,33.1500,5.4300,17.9100,0.9900,2.1600,0.7200,0,13.3400,2.6731,-3.9664,hit_stop,0
COST,Consumer,breakout,2024,9.0300,4.6800,2.0000,2.3500,3.0300,69.3400,41.0300,4.9100,18.7100,1.0300,1.9600,0.7900,1,13.5800,2.6177,-1.5566,hit_stop,0
COST,Consumer,breakout,2025,9.4500,4.5500,2.0000,2.9000,2.3800,71.8000,25.4600,8.3100,15.6300,1.4000,2.6700,0.7300,3,18.6200,5.8256,0.0000,hit_target,1
COST,Consumer,pullback,2025,10.4000,4.2000,4.5000,1.7000,1.1500,58.3200,28.7800,9.0200,16.7100,1.7100,0.8900,0.5500,2,19.6300,0.5020,-9.8448,hit_stop,0
COST,Consumer,breakout,2025,9.5900,4.4900,1.5000,3.6000,1.6000,66.6800,24.5600,0.2400,12.8500,1.0400,1.8800,0.7000,3,18.3600,0.2682,-4.6436,hit_stop,0
COST,Consumer,breakout,2026,8.9900,2.3400,2.1500,3.7000,1.4300,63.6000,24.2200,1.7800,-1.0300,1.6600,2.1700,0.6700,4,15.4500,3.8255,-0.3694,hit_target,1
COST,Consumer,breakout,2026,7.5400,3.8900,2.0000,1.6500,3.5700,74.7300,33.3700,11.9800,4.0700,1.0900,2.9400,0.7700,1,20.0900,1.5452,-4.7366,hit_stop,0
COST,Consumer,breakout,2026,9.4400,3.6900,2.5500,3.2000,3.4900,64.8100,36.2900,11.5600,5.2300,1.0600,1.6200,0.6700,2,18.0000,3.3089,-2.8508,expired,0
COST,Consumer,breakout,2026,9.3300,4.4300,2.0000,2.9000,1.8700,68.3900,32.8700,8.1100,9.0300,1.0500,2.1600,0.6600,3,20.6000,0.5941,-2.5634,hit_stop,0
