run,final_capital,total_return_pct,max_drawdown_pct,max_consec_losses
0,9987.03,-0.13,-6.8,6
1,10036.39,0.36,-7.24,5
2,9769.7,-2.3,-7.73,8
3,9884.43,-1.16,-6.53,5
4,10323.03,3.23,-10.13,7
5,10065.96,0.66,-7.03,6
6,10969.09,9.69,-8.45,5
7,11320.97,13.21,-6.77,6
8,10312.59,3.13,-4.9,5
9,10515.76,5.16,-7.91,5
10,10295.57,2.96,-6.73,5
11,14297.08,42.97,-2.97,3
12,11044.42,10.44,-14.94,8
13,9632.54,-3.67,-12.28,7
14,8989.66,-10.1,-15.36,8
15,10519.42,5.19,-7.94,5
16,10185.46,1.85,-10.88,7
17,10899.13,8.99,-6.94,5
18,11575.59,15.76,-6.27,6
19,12020.18,20.2,-7.73,8
20,10767.82,7.68,-6.79,7
21,10733.77,7.34,-8.62,7
22,9844.87,-1.55,-11.25,8
23,8603.64,-13.96,-13.96,8
24,10843.69,8.44,-7.73,8
25,8550.43,-14.5,-18.06,8
26,9012.78,-9.87,-11.0,7
27,10644.99,6.45,-9.38,4
28,10311.38,3.11,-13.18,10
29,8819.83,-11.8,-15.26,13
30,9553.79,-4.46,-13.6,10
31,9552.88,-4.47,-9.44,8
32,12395.46,23.95,-4.35,5
33,10436.66,4.37,-14.77,7
34,10636.82,6.37,-13.72,9
35,9048.11,-9.52,-20.59,17
36,10089.92,0.9,-8.11,9
37,10359.15,3.59,-7.51,7
38,8966.23,-10.34,-11.06,7
39,9663.93,-3.36,-11.03,10
40,12663.29,26.63,-6.12,7
41,9845.14,-1.55,-10.73,7
42,10159.32,1.59,-18.27,14
43,11543.71,15.44,-5.29,6
44,11160.47,11.6,-8.85,6
45,9180.74,-8.19,-9.06,7
46,11143.79,11.44,-5.34,4
47,7783.11,-22.17,-22.22,10
48,10083.76,0.84,-7.04,4
49,11929.07,19.29,-5.85,6
50,9445.32,-5.55,-10.86,8
51,11848.86,18.49,-6.74,6
52,9545.01,-4.55,-17.24,13
53,10067.0,0.67,-8.82,9
54,10704.34,7.04,-8.14,6
55,13034.81,30.35,-3.94,4
56,9991.56,-0.08,-6.97,5
57,8880.79,-11.19,-14.11,11
58,11549.41,15.49,-6.48,5
59,11116.37,11.16,-6.18,4
60,11089.96,10.9,-7.49,6
61,10564.55,5.65,-7.73,8
62,11136.27,11.36,-6.55,5
63,10409.45,4.09,-7.73,8
64,12309.16,23.09,-6.23,4
65,9649.23,-3.51,-8.16,7
66,10365.63,3.66,-8.18,6
67,11317.74,13.18,-9.72,8
68,9832.22,-1.68,-7.66,8
69,9069.93,-9.3,-15.26,7
70,9340.39,-6.6,-9.62,6
71,8733.8,-12.66,-18.4,17
72,9780.69,-2.19,-9.65,6
73,9213.09,-7.87,-14.76,16
74,10842.88,8.43,-6.25,7
75,9276.18,-7.24,-13.58,9
76,9479.57,-5.2,-11.93,10
77,9521.24,-4.79,-19.08,22
78,9816.06,-1.84,-13.78,14
79,8589.57,-14.1,-16.21,9
80,9744.43,-2.56,-15.11,9
81,10782.84,7.83,-7.39,7
82,8571.21,-14.29,-14.75,7
83,8562.71,-14.37,-17.59,14
84,12012.03,20.12,-4.12,4
85,10021.2,0.21,-10.74,10
86,9834.94,-1.65,-10.66,5
87,10043.32,0.43,-8.45,5
88,10050.59,0.51,-11.75,9
89,12677.94,26.78,-8.39,6
90,9384.03,-6.16,-12.03,8
91,12301.53,23.02,-3.94,4
92,10221.47,2.21,-13.89,7
93,8801.52,-11.98,-12.45,12
94,9611.46,-3.89,-8.61,7
95,10347.86,3.48,-8.3,5
96,10740.92,7.41,-8.6,6
97,9368.43,-6.32,-9.95,7
98,9620.19,-3.8,-9.15,5
99,11075.39,10.75,-7.73,8
100,9401.78,-5.98,-9.36,10
101,8800.2,-12.0,-14.58,8
102,9021.14,-9.79,-18.25,10
103,9345.44,-6.55,-11.95,8
104,9732.44,-2.68,-9.36,6
105,12456.27,24.56,-7.68,7
106,8765.3,-12.35,-16.86,8
107,11795.57,17.96,-5.55,5
108,10117.8,1.18,-11.64,7
109,9069.0,-9.31,-13.02,7
110,12676.86,26.77,-5.35,4
111,10680.1,6.8,-7.46,4
112,9035.17,-9.65,-15.5,12
113,9402.42,-5.98,-11.76,5
114,10196.02,1.96,-7.08,5
115,10398.59,3.99,-9.85,7
116,9577.76,-4.22,-6.95,5
117,8454.09,-15.46,-17.34,7
118,8613.15,-13.87,-16.4,7
119,10584.22,5.84,-7.42,5
120,7999.52,-20.0,-21.2,8
121,8973.9,-10.26,-15.11,10
122,8620.35,-13.8,-15.68,14
123,11543.81,15.44,-10.85,12
124,8771.05,-12.29,-14.59,12
125,10392.96,3.93,-8.5,5
126,9781.64,-2.18,-13.62,9
127,9755.58,-2.44,-9.26,6
128,10146.17,1.46,-8.72,6
129,11637.39,16.37,-7.71,6
130,8990.89,-10.09,-14.09,6
131,12230.93,22.31,-8.37,8
132,11345.76,13.46,-7.99,9
133,9730.97,-2.69,-11.75,8
134,9915.25,-0.85,-10.86,9
135,9801.83,-1.98,-6.95,6
136,10964.67,9.65,-7.16,6
137,10461.28,4.61,-7.73,8
138,11628.64,16.29,-4.97,4
139,9917.41,-0.83,-8.31,7
140,12978.3,29.78,-5.85,6
141,10311.03,3.11,-9.83,5
142,10734.68,7.35,-5.34,5
143,11456.9,14.57,-3.75,4
144,10215.55,2.16,-5.85,6
145,11721.21,17.21,-8.65,9
146,11532.92,15.33,-7.32,8
147,10486.76,4.87,-6.73,6
148,9793.46,-2.07,-7.06,8
149,8269.16,-17.31,-17.31,9
150,10795.54,7.96,-5.34,5
151,11667.21,16.67,-7.73,8
152,10039.09,0.39,-11.89,10
153,8863.93,-11.36,-17.86,7
154,8334.11,-16.66,-19.88,9
155,8245.35,-17.55,-20.37,10
156,10833.32,8.33,-10.55,6
157,10627.12,6.27,-9.61,10
158,9225.38,-7.75,-14.77,11
159,10012.19,0.12,-7.73,8
160,8869.75,-11.3,-13.05,6
161,11155.87,11.56,-7.99,9
162,7690.1,-23.1,-23.1,16
163,10936.78,9.37,-7.6,6
164,9703.66,-2.96,-8.59,9
165,8821.15,-11.79,-13.12,9
166,9290.88,-7.09,-13.17,14
167,10439.1,4.39,-7.21,7
168,10743.36,7.43,-9.56,10
169,10248.28,2.48,-5.96,5
170,8783.96,-12.16,-17.11,5
171,8347.03,-16.53,-17.3,7
172,11239.19,12.39,-5.96,5
173,10158.2,1.58,-6.53,6
174,9493.34,-5.07,-9.95,11
175,11831.87,18.32,-5.84,5
176,12260.08,22.6,-5.57,5
177,10233.78,2.34,-9.43,11
178,9597.41,-4.03,-11.09,7
179,9643.91,-3.56,-7.99,5
180,10583.81,5.84,-3.97,4
181,11476.69,14.77,-4.9,5
182,8402.98,-15.97,-16.31,13
183,9266.15,-7.34,-10.72,8
184,9230.93,-7.69,-10.52,6
185,8634.83,-13.65,-15.65,9
186,11822.31,18.22,-8.31,5
187,9780.69,-2.19,-11.55,8
188,10678.88,6.79,-7.87,7
189,9809.35,-1.91,-11.76,8
190,9004.61,-9.95,-11.06,5
191,8622.55,-13.77,-13.77,9
192,9771.12,-2.29,-9.9,7
193,8954.02,-10.46,-12.8,6
194,8972.07,-10.28,-14.39,6
195,9438.68,-5.61,-15.32,13
196,10444.39,4.44,-12.46,9
197,9947.22,-0.53,-9.08,7
198,11205.64,12.06,-4.55,4
199,10080.4,0.8,-8.15,9
200,9415.0,-5.85,-11.81,7
201,11305.87,13.06,-8.45,6
202,10045.07,0.45,-8.07,7
203,8078.43,-19.22,-20.04,8
204,10228.95,2.29,-6.86,5
205,11384.07,13.84,-3.02,3
206,10849.09,8.49,-8.39,5
207,10777.43,7.77,-4.07,4
208,8578.76,-14.21,-19.34,13
209,9823.76,-1.76,-12.15,7
210,8969.38,-10.31,-10.56,9
211,10191.94,1.92,-10.24,6
212,9973.65,-0.26,-7.97,6
213,9852.17,-1.48,-10.43,9
214,8599.72,-14.0,-14.0,12
215,10547.32,5.47,-6.09,5
216,8854.29,-11.46,-20.47,20
217,9997.01,-0.03,-7.5,8
218,11099.52,11.0,-3.25,4
219,10797.2,7.97,-4.33,4
220,8111.44,-18.89,-18.89,8
221,9945.35,-0.55,-8.25,5
222,8894.42,-11.06,-14.13,7
223,8683.0,-13.17,-14.1,13
224,10068.77,0.69,-6.72,6
225,10831.16,8.31,-6.79,7
226,8148.49,-18.52,-18.52,8
227,9274.2,-7.26,-10.82,11
228,9715.93,-2.84,-17.71,13
229,10061.47,0.61,-11.78,8
230,9949.57,-0.5,-10.54,8
231,9741.88,-2.58,-9.77,6
232,12624.94,26.25,-8.65,9
233,10742.3,7.42,-7.27,6
234,10752.92,7.53,-8.71,7
235,8717.54,-12.82,-16.82,10
236,9277.2,-7.23,-14.39,13
237,8931.46,-10.69,-13.26,10
238,8955.46,-10.45,-13.15,9
239,9760.7,-2.39,-8.69,7
240,9564.48,-4.36,-10.63,10
241,12782.33,27.82,-3.81,3
242,12116.7,21.17,-7.16,7
243,12304.42,23.04,-6.27,6
244,9266.19,-7.34,-13.47,11
245,11389.33,13.89,-5.97,5
246,10674.71,6.75,-8.65,9
247,10700.81,7.01,-7.73,8
248,8188.2,-18.12,-18.87,6
249,9671.68,-3.28,-8.58,6
250,10290.35,2.9,-6.21,7
251,10566.61,5.67,-8.61,8
252,8455.17,-15.45,-20.28,11
253,10296.84,2.97,-10.01,8
254,10807.97,8.08,-6.77,6
255,9587.54,-4.12,-12.58,10
256,8428.48,-15.72,-17.45,7
257,10348.57,3.49,-13.51,12
258,7952.28,-20.48,-21.64,23
259,10176.88,1.77,-11.5,12
260,9515.43,-4.85,-6.8,5
261,8977.5,-10.22,-18.2,8
262,10993.64,9.94,-5.63,5
263,9700.57,-2.99,-6.5,7
264,9270.04,-7.3,-13.16,11
265,8953.8,-10.46,-10.46,7
266,12333.01,23.33,-5.08,5
267,11080.54,10.81,-5.28,4
268,11260.34,12.6,-10.35,6
269,11787.13,17.87,-4.67,5
270,13356.06,33.56,-5.31,6
271,9044.82,-9.55,-11.48,5
272,10838.34,8.38,-7.51,6
273,10616.39,6.16,-7.71,5
274,8986.78,-10.13,-13.12,9
275,11622.34,16.22,-5.85,6
276,11570.94,15.71,-9.56,10
277,9168.23,-8.32,-13.94,9
278,12179.17,21.79,-7.76,5
279,10250.75,2.51,-7.55,4
280,8744.36,-12.56,-17.19,11
281,10194.42,1.94,-10.1,8
282,9821.52,-1.78,-7.77,6
283,11201.22,12.01,-7.01,5
284,12543.68,25.44,-5.85,6
285,11011.89,10.12,-8.65,9
286,9803.1,-1.97,-11.43,13
287,8747.21,-12.53,-15.49,11
288,10179.71,1.8,-6.32,6
289,10997.84,9.98,-6.12,7
290,11171.42,11.71,-7.18,6
291,10249.03,2.49,-9.07,9
292,8301.43,-16.99,-16.99,9
293,9810.76,-1.89,-8.65,9
294,9572.86,-4.27,-11.63,8
295,9367.73,-6.32,-8.82,6
296,10239.78,2.4,-9.86,5
297,11117.52,11.18,-7.47,8
298,7783.65,-22.16,-22.16,16
299,12242.74,22.43,-6.79,7
300,8625.39,-13.75,-14.86,6
301,10214.46,2.14,-10.48,7
302,9138.07,-8.62,-14.26,7
303,10523.64,5.24,-7.46,5
304,9001.22,-9.99,-15.18,12
305,10508.87,5.09,-10.96,8
306,9878.52,-1.21,-10.61,8
307,10740.42,7.4,-12.42,8
308,8511.46,-14.89,-14.94,5
309,8942.14,-10.58,-14.67,7
310,9698.79,-3.01,-7.73,8
311,8471.28,-15.29,-15.5,8
312,10919.5,9.2,-4.81,4
313,11114.08,11.14,-10.74,8
314,9411.64,-5.88,-9.83,9
315,9734.18,-2.66,-17.71,11
316,9330.81,-6.69,-13.74,9
317,9012.94,-9.87,-16.5,12
318,11583.81,15.84,-4.9,5
319,8944.72,-10.55,-13.74,6
320,9462.99,-5.37,-12.16,7
321,10960.76,9.61,-5.06,5
322,9900.24,-1.0,-12.23,7
323,9827.8,-1.72,-11.55,10
324,10623.46,6.23,-8.86,9
325,9213.68,-7.86,-9.55,10
326,9479.97,-5.2,-13.17,6
327,10710.2,7.1,-10.65,10
328,9735.81,-2.64,-5.94,5
329,11019.18,10.19,-13.14,6
330,11149.78,11.5,-4.25,4
331,8979.87,-10.2,-12.32,7
332,10162.29,1.62,-10.69,6
333,9262.09,-7.38,-15.47,6
334,9488.07,-5.12,-10.56,10
335,9921.71,-0.78,-16.57,13
336,11357.43,13.57,-5.21,4
337,8871.28,-11.29,-11.54,8
338,11020.86,10.21,-9.35,6
339,9524.82,-4.75,-11.65,7
340,9144.93,-8.55,-9.14,5
341,9495.01,-5.05,-9.56,10
342,9110.35,-8.9,-10.95,7
343,9645.34,-3.55,-10.85,12
344,9404.97,-5.95,-7.73,8
345,9151.4,-8.49,-12.81,9
346,10330.72,3.31,-10.36,6
347,9347.35,-6.53,-11.34,6
348,9677.22,-3.23,-13.57,14
349,8737.87,-12.62,-13.7,6
350,12731.68,27.32,-4.12,4
351,10368.16,3.68,-7.15,4
352,8476.33,-15.24,-15.86,16
353,10659.48,6.59,-4.9,5
354,9370.22,-6.3,-17.06,8
355,11499.84,15.0,-8.48,6
356,9272.95,-7.27,-12.71,6
357,8214.69,-17.85,-19.66,10
358,10252.39,2.52,-8.91,10
359,11162.85,11.63,-7.58,6
360,9183.39,-8.17,-13.55,9
361,9006.67,-9.93,-13.58,10
362,8201.54,-17.98,-21.72,12
363,8488.99,-15.11,-17.59,7
364,10714.0,7.14,-9.94,6
365,10377.34,3.77,-4.91,6
366,10686.54,6.87,-9.56,10
367,9254.28,-7.46,-7.97,5
368,12345.76,23.46,-4.9,5
369,10013.26,0.13,-9.77,8
370,8960.65,-10.39,-12.72,8
371,9460.07,-5.4,-14.9,5
372,8709.7,-12.9,-14.91,9
373,8703.11,-12.97,-16.03,11
374,10753.88,7.54,-11.68,8
375,10090.72,0.91,-8.39,7
376,11470.34,14.7,-4.78,4
377,8976.35,-10.24,-12.32,10
378,9929.04,-0.71,-11.34,5
379,9722.32,-2.78,-8.46,8
380,9095.32,-9.05,-11.33,7
381,9102.81,-8.97,-10.79,7
382,10642.92,6.43,-6.26,6
383,9365.05,-6.35,-12.62,14
384,10628.4,6.28,-6.17,6
385,9384.74,-6.15,-10.14,11
386,9881.62,-1.18,-8.51,7
387,10597.83,5.98,-8.65,9
388,7736.99,-22.63,-27.24,18
389,11197.97,11.98,-5.85,6
390,10120.46,1.2,-10.39,10
391,8272.08,-17.28,-19.92,11
392,10261.82,2.62,-7.9,7
393,9003.41,-9.97,-13.86,7
394,11091.16,10.91,-8.46,5
395,7763.11,-22.37,-22.37,13
396,8348.65,-16.51,-17.78,7
397,10741.12,7.41,-8.83,8
398,9715.36,-2.85,-7.24,6
399,9796.97,-2.03,-12.78,10
400,10036.72,0.37,-8.17,5
401,9775.96,-2.24,-11.12,8
402,11307.34,13.07,-5.16,3
403,9429.15,-5.71,-8.34,5
404,9837.94,-1.62,-9.11,5
405,11048.62,10.49,-4.9,5
406,12875.11,28.75,-4.9,5
407,9272.01,-7.28,-15.65,7
408,10174.74,1.75,-4.9,5
409,9839.68,-1.6,-11.18,7
410,9349.87,-6.5,-11.81,8
411,7985.72,-20.14,-20.79,14
412,13233.5,32.34,-3.94,4
413,9677.46,-3.23,-9.66,8
414,13000.02,30.0,-4.55,4
415,8412.49,-15.88,-20.66,14
416,10257.3,2.57,-12.71,11
417,8817.01,-11.83,-15.92,11
418,9965.28,-0.35,-9.54,6
419,8982.75,-10.17,-10.58,5
420,10689.68,6.9,-7.66,5
421,9837.81,-1.62,-6.07,6
422,9640.67,-3.59,-10.57,7
423,9476.7,-5.23,-11.37,7
424,10236.31,2.36,-11.15,7
425,12090.91,20.91,-5.31,5
426,10572.79,5.73,-7.68,5
427,11504.23,15.04,-7.96,6
428,9725.65,-2.74,-11.7,10
429,9265.5,-7.35,-9.91,9
430,11672.42,16.72,-4.98,5
431,8712.98,-12.87,-17.34,8
432,10304.54,3.05,-12.07,9
433,9033.62,-9.66,-13.05,11
434,10884.1,8.84,-7.41,5
435,10195.53,1.96,-6.72,7
436,10053.8,0.54,-5.85,6
437,8397.65,-16.02,-20.04,10
438,11691.38,16.91,-6.79,7
439,8708.27,-12.92,-15.93,13
440,8306.52,-16.93,-20.15,13
441,9305.53,-6.94,-16.58,11
442,11185.0,11.85,-5.29,5
443,10507.62,5.08,-6.98,4
444,8927.47,-10.73,-12.79,6
445,10323.72,3.24,-8.66,7
446,8702.21,-12.98,-13.69,8
447,9650.99,-3.49,-15.05,12
448,11708.55,17.09,-8.18,8
449,11329.51,13.3,-8.96,7
450,9248.49,-7.52,-10.7,11
451,10926.36,9.26,-9.41,6
452,10116.76,1.17,-7.4,6
453,9695.34,-3.05,-9.26,8
454,9590.98,-4.09,-9.79,6
455,9141.03,-8.59,-13.27,9
456,10639.21,6.39,-13.0,15
457,10030.02,0.3,-6.85,5
458,9614.37,-3.86,-12.2,8
459,10425.23,4.25,-4.9,5
460,8536.83,-14.63,-18.71,8
461,9937.49,-0.63,-11.37,7
462,10284.51,2.85,-7.26,5
463,9467.52,-5.32,-12.73,11
464,10346.99,3.47,-8.83,6
465,9269.17,-7.31,-11.55,7
466,10336.9,3.37,-9.56,10
467,10121.27,1.21,-9.63,9
468,9707.3,-2.93,-13.45,8
469,9902.96,-0.97,-10.15,7
470,10658.81,6.59,-12.65,10
471,10128.4,1.28,-11.78,10
472,7531.2,-24.69,-24.69,11
473,8855.14,-11.45,-12.37,9
474,9988.25,-0.12,-8.71,6
475,8849.88,-11.5,-13.95,11
476,8217.89,-17.82,-18.89,10
477,8998.04,-10.02,-13.43,11
478,10374.26,3.74,-5.85,6
479,10986.19,9.86,-7.39,5
480,10505.58,5.06,-14.73,11
481,10511.2,5.11,-4.9,5
482,9567.83,-4.32,-9.13,8
483,11159.94,11.6,-9.2,7
484,9224.01,-7.76,-9.02,7
485,11688.06,16.88,-5.06,4
486,11972.73,19.73,-5.28,4
487,8628.61,-13.71,-14.81,9
488,8678.92,-13.21,-18.75,11
489,8642.93,-13.57,-13.57,11
490,8819.41,-11.81,-14.52,6
491,10775.64,7.76,-7.88,6
492,9138.55,-8.61,-13.18,10
493,10526.56,5.27,-10.94,11
494,9395.61,-6.04,-12.31,10
495,11343.96,13.44,-9.97,8
496,8745.65,-12.54,-14.73,9
497,10216.28,2.16,-8.27,8
498,11341.13,13.41,-6.07,4
499,11040.74,10.41,-6.01,6
500,12594.02,25.94,-3.94,5
501,10608.5,6.08,-7.33,6
502,9920.92,-0.79,-9.31,5
503,10039.36,0.39,-6.79,7
504,12945.24,29.45,-4.46,4
505,13091.22,30.91,-4.94,4
506,9449.14,-5.51,-8.55,5
507,11368.32,13.68,-6.29,7
508,9023.82,-9.76,-11.53,9
509,9639.48,-3.61,-9.51,9
510,9243.37,-7.57,-11.18,7
511,8649.87,-13.5,-16.27,7
512,11192.48,11.92,-13.9,11
513,9333.23,-6.67,-11.42,6
514,7997.25,-20.03,-20.03,8
515,9729.27,-2.71,-11.95,12
516,8962.84,-10.37,-13.07,7
517,9071.95,-9.28,-13.97,11
518,9140.46,-8.6,-12.24,6
519,9602.02,-3.98,-9.4,4
520,10307.38,3.07,-6.88,6
521,10323.3,3.23,-8.98,6
522,9013.72,-9.86,-13.66,7
523,8412.33,-15.88,-20.56,13
524,9409.22,-5.91,-13.4,7
525,13290.74,32.91,-4.78,5
526,8866.56,-11.33,-12.06,6
527,8337.26,-16.63,-19.85,10
528,9870.97,-1.29,-9.94,5
529,9380.8,-6.19,-13.53,9
530,9548.26,-4.52,-11.94,8
531,8832.21,-11.68,-13.71,12
532,11218.03,12.18,-7.45,9
533,10261.7,2.62,-10.91,10
534,10975.43,9.75,-10.11,5
535,9356.45,-6.44,-12.25,13
536,10269.18,2.69,-9.81,6
537,9998.63,-0.01,-12.18,13
538,9912.47,-0.88,-12.15,12
539,9353.26,-6.47,-18.25,10
540,10019.83,0.2,-6.76,6
541,11164.9,11.65,-9.3,11
542,9417.14,-5.83,-18.9,14
543,10391.18,3.91,-7.69,5
544,8728.27,-12.72,-15.93,13
545,11970.83,19.71,-4.21,5
546,11442.86,14.43,-10.76,8
547,9862.81,-1.37,-9.43,5
548,12226.73,22.27,-4.62,6
549,9873.54,-1.26,-14.46,9
550,8706.06,-12.94,-17.6,7
551,10289.86,2.9,-5.57,5
552,11637.69,16.38,-7.1,7
553,9318.36,-6.82,-11.89,8
554,9188.79,-8.11,-14.05,13
555,9945.61,-0.54,-7.65,7
556,9944.01,-0.56,-7.2,5
557,9060.3,-9.4,-16.4,11
558,9882.68,-1.17,-8.76,7
559,9220.0,-7.8,-13.35,10
560,9541.52,-4.58,-12.65,11
561,8824.88,-11.75,-12.75,8
562,11964.4,19.64,-4.85,3
563,11899.4,18.99,-5.85,6
564,8848.14,-11.52,-14.58,13
565,11618.15,16.18,-8.42,9
566,9940.19,-0.6,-16.45,9
567,10282.61,2.83,-8.98,6
568,9770.84,-2.29,-11.96,7
569,10100.94,1.01,-11.63,6
570,10605.05,6.05,-7.07,4
571,9500.91,-4.99,-11.73,8
572,10021.8,0.22,-7.32,5
573,10703.39,7.03,-9.58,10
574,10525.27,5.25,-7.05,7
575,9336.59,-6.63,-7.49,7
576,10188.21,1.88,-10.84,7
577,8584.56,-14.15,-15.61,14
578,8310.99,-16.89,-21.55,11
579,10366.55,3.67,-8.65,9
580,10812.89,8.13,-13.42,7
581,9919.52,-0.8,-10.26,9
582,11981.84,19.82,-10.67,7
583,11654.8,16.55,-4.74,4
584,9610.23,-3.9,-7.45,5
585,12805.52,28.06,-5.1,3
586,9679.7,-3.2,-7.74,5
587,9332.91,-6.67,-11.28,5
588,10366.33,3.66,-5.06,5
589,8877.92,-11.22,-11.95,7
590,9638.51,-3.61,-7.73,8
591,9322.24,-6.78,-16.56,9
592,11746.77,17.47,-6.12,7
593,9790.76,-2.09,-11.33,7
594,8107.24,-18.93,-19.79,10
595,12192.8,21.93,-5.1,5
596,11464.15,14.64,-6.03,5
597,10995.64,9.96,-10.22,7
598,12489.02,24.89,-6.29,5
599,10107.74,1.08,-12.13,9
600,11091.78,10.92,-5.85,6
601,11786.18,17.86,-6.52,8
602,11965.14,19.65,-7.19,4
603,12166.26,21.66,-6.12,7
604,9975.01,-0.25,-7.99,7
605,10688.13,6.88,-5.79,6
606,11546.34,15.46,-10.47,11
607,9628.73,-3.71,-16.41,7
608,11452.91,14.53,-11.06,5
609,11500.74,15.01,-7.94,7
610,7980.3,-20.2,-21.57,16
611,9452.49,-5.48,-11.45,12
612,7575.57,-24.24,-24.26,13
613,8932.42,-10.68,-12.41,8
614,9403.19,-5.97,-10.45,7
615,10342.64,3.43,-10.18,8
616,11726.0,17.26,-5.09,5
617,9198.69,-8.01,-13.63,7
618,9839.71,-1.6,-11.27,6
619,9058.69,-9.41,-11.71,6
620,9149.07,-8.51,-11.12,4
621,11187.92,11.88,-6.16,6
622,9087.67,-9.12,-10.35,7
623,8354.21,-16.46,-17.07,10
624,12050.34,20.5,-7.01,7
625,9293.02,-7.07,-8.89,9
626,8769.13,-12.31,-12.96,9
627,9455.38,-5.45,-13.28,8
628,10220.07,2.2,-13.1,8
629,8790.31,-12.1,-17.68,16
630,9151.58,-8.48,-11.06,6
631,11558.3,15.58,-6.41,6
632,9369.12,-6.31,-12.89,6
633,9609.09,-3.91,-10.93,7
634,9144.23,-8.56,-10.69,8
635,11647.61,16.48,-7.28,6
636,10185.7,1.86,-8.79,5
637,10309.9,3.1,-8.21,6
638,10516.22,5.16,-7.69,7
639,10215.39,2.15,-6.56,5
640,9392.07,-6.08,-11.0,10
641,11017.37,10.17,-5.83,4
642,9130.21,-8.7,-16.83,10
643,9837.1,-1.63,-13.4,7
644,10131.94,1.32,-7.06,8
645,10079.28,0.79,-13.96,14
646,9333.4,-6.67,-13.78,9
647,11643.71,16.44,-9.28,7
648,10899.98,9.0,-4.98,5
649,9678.14,-3.22,-12.81,10
650,10908.44,9.08,-6.87,6
651,11022.21,10.22,-7.05,7
652,10346.74,3.47,-9.52,7
653,10715.83,7.16,-7.19,8
654,9580.2,-4.2,-11.64,13
655,11309.1,13.09,-8.29,7
656,9157.12,-8.43,-11.09,7
657,11263.23,12.63,-4.9,5
658,9402.48,-5.98,-9.56,10
659,10842.47,8.42,-9.79,7
660,8838.98,-11.61,-11.63,11
661,10711.53,7.12,-7.73,8
662,10038.5,0.39,-8.64,6
663,9941.32,-0.59,-6.79,7
664,11766.42,17.66,-5.88,4
665,9188.08,-8.12,-13.55,6
666,10212.02,2.12,-6.16,6
667,9151.79,-8.48,-12.39,9
668,10699.52,7.0,-5.85,6
669,10674.62,6.75,-6.12,7
670,9434.67,-5.65,-12.42,8
671,9366.95,-6.33,-11.74,13
672,8903.42,-10.97,-18.63,9
673,12708.65,27.09,-4.9,5
674,12079.4,20.79,-5.97,5
675,10213.59,2.14,-8.76,6
676,8443.21,-15.57,-18.07,9
677,11135.21,11.35,-6.54,6
678,11363.46,13.63,-5.06,3
679,10331.84,3.32,-4.03,4
680,10422.45,4.22,-9.81,8
681,9252.91,-7.47,-10.62,5
682,10270.0,2.7,-9.07,6
683,9799.38,-2.01,-8.12,9
684,10597.64,5.98,-12.24,9
685,9359.51,-6.4,-9.82,9
686,10826.23,8.26,-4.88,4
687,11577.61,15.78,-4.59,4
688,10888.14,8.88,-7.93,6
689,9228.48,-7.72,-12.23,11
690,9960.03,-0.4,-12.42,7
691,9108.1,-8.92,-13.96,10
692,11275.86,12.76,-6.07,6
693,9573.02,-4.27,-10.68,6
694,7608.48,-23.92,-23.92,18
695,8865.92,-11.34,-18.56,14
696,9211.61,-7.88,-10.75,6
697,8717.35,-12.83,-15.83,13
698,10669.29,6.69,-7.83,5
699,8444.49,-15.56,-18.15,7
700,10892.96,8.93,-6.73,5
701,9267.0,-7.33,-19.04,14
702,10502.05,5.02,-8.85,5
703,10716.02,7.16,-6.36,5
704,10184.64,1.85,-7.73,8
705,11596.94,15.97,-3.83,3
706,10996.93,9.97,-6.21,5
707,8922.55,-10.77,-14.15,8
708,9435.47,-5.65,-10.3,10
709,9444.72,-5.55,-8.65,9
710,10471.18,4.71,-11.51,8
711,9710.27,-2.9,-10.6,9
712,9998.08,-0.02,-12.56,12
713,9644.75,-3.55,-8.78,8
714,9555.31,-4.45,-12.23,10
715,9172.39,-8.28,-15.99,9
716,9406.13,-5.94,-9.63,7
717,10162.47,1.62,-7.19,5
718,9165.25,-8.35,-13.21,9
719,11365.3,13.65,-5.93,5
720,8019.73,-19.8,-22.8,12
721,11470.01,14.7,-7.84,6
722,9831.92,-1.68,-12.95,7
723,12196.97,21.97,-4.9,4
724,8785.84,-12.14,-15.05,13
725,11298.85,12.99,-5.38,4
726,10294.76,2.95,-7.54,6
727,9601.27,-3.99,-8.6,6
728,10364.03,3.64,-8.81,9
729,11391.44,13.91,-6.79,7
730,9963.11,-0.37,-13.11,11
731,10328.39,3.28,-11.68,12
732,9555.93,-4.44,-12.14,7
733,10964.55,9.65,-4.38,4
734,12645.69,26.46,-5.85,6
735,8544.68,-14.55,-15.1,7
736,10555.63,5.56,-5.85,6
737,9355.89,-6.44,-13.21,10
738,10229.97,2.3,-6.41,7
739,11025.25,10.25,-3.94,4
740,8626.01,-13.74,-14.49,12
741,10665.29,6.65,-9.56,10
742,11531.76,15.32,-5.57,5
743,11678.75,16.79,-3.94,4
744,8897.08,-11.03,-14.88,7
745,10087.43,0.87,-8.79,5
746,7973.43,-20.27,-21.0,10
747,10354.1,3.54,-13.88,10
748,9675.56,-3.24,-7.79,8
749,10523.48,5.23,-10.32,8
750,8856.45,-11.44,-18.83,10
751,13325.31,33.25,-2.97,3
752,10245.86,2.46,-12.69,8
753,10213.55,2.14,-5.43,4
754,10557.68,5.58,-8.42,5
755,10737.5,7.38,-5.85,6
756,10857.76,8.58,-6.79,7
757,12521.78,25.22,-4.9,5
758,9126.26,-8.74,-9.7,5
759,10766.39,7.66,-7.88,8
760,8750.83,-12.49,-14.88,9
761,11958.52,19.59,-8.08,4
762,11471.63,14.72,-4.9,5
763,10199.68,2.0,-13.62,8
764,8362.84,-16.37,-16.37,7
765,8794.77,-12.05,-13.01,11
766,10469.53,4.7,-5.43,6
767,10128.19,1.28,-9.04,10
768,8739.61,-12.6,-15.99,6
769,10199.05,1.99,-7.74,8
770,11227.26,12.27,-9.78,10
771,10510.0,5.1,-7.21,6
772,10321.56,3.22,-8.04,8
773,9110.26,-8.9,-11.76,12
774,10344.77,3.45,-7.72,6
775,11414.7,14.15,-5.36,4
776,8763.42,-12.37,-16.35,7
777,10014.25,0.14,-14.66,7
778,8449.29,-15.51,-16.47,11
779,10489.26,4.89,-7.42,7
780,12759.49,27.59,-5.62,6
781,8815.3,-11.85,-16.31,7
782,11923.69,19.24,-10.64,7
783,11289.28,12.89,-11.45,7
784,9899.71,-1.0,-6.27,6
785,9962.1,-0.38,-7.61,6
786,10019.92,0.2,-10.99,5
787,9951.65,-0.48,-5.06,5
788,9756.06,-2.44,-8.87,8
789,10277.69,2.78,-6.78,7
790,9766.43,-2.34,-10.77,7
791,8879.48,-11.21,-16.32,9
792,10758.65,7.59,-6.72,7
793,10059.7,0.6,-10.43,12
794,11110.41,11.1,-10.54,11
795,11203.37,12.03,-5.24,4
796,9968.38,-0.32,-8.63,4
797,9453.71,-5.46,-8.92,8
798,9578.18,-4.22,-8.81,7
799,10286.09,2.86,-11.8,8
800,10164.55,1.65,-7.49,5
801,10652.39,6.52,-8.15,6
802,9310.88,-6.89,-16.31,7
803,9583.83,-4.16,-13.39,6
804,9554.57,-4.45,-6.73,6
805,11001.95,10.02,-14.63,12
806,10179.64,1.8,-7.51,6
807,9009.49,-9.91,-11.96,6
808,12582.79,25.83,-5.22,5
809,10865.92,8.66,-8.51,10
810,10826.44,8.26,-10.54,9
811,8299.33,-17.01,-17.01,12
812,10754.27,7.54,-10.62,12
813,10792.76,7.93,-6.03,4
814,8830.48,-11.7,-15.23,5
815,10312.25,3.12,-11.7,6
816,10892.51,8.93,-7.8,5
817,10404.05,4.04,-9.36,6
818,10630.62,6.31,-6.03,4
819,10049.9,0.5,-10.68,5
820,9345.2,-6.55,-11.29,8
821,8865.63,-11.34,-14.38,9
822,9393.01,-6.07,-12.8,5
823,9951.78,-0.48,-11.43,11
824,8045.59,-19.54,-22.88,27
825,8812.25,-11.88,-12.75,9
826,11720.52,17.21,-4.9,5
827,8846.64,-11.53,-16.1,13
828,9971.74,-0.28,-7.43,6
829,10754.52,7.55,-6.61,7
830,9851.17,-1.49,-9.79,7
831,9622.77,-3.77,-10.27,7
832,10203.71,2.04,-8.35,8
833,10284.57,2.85,-6.11,5
834,9396.66,-6.03,-9.89,7
835,9564.9,-4.35,-7.65,5
836,10437.58,4.38,-6.04,6
837,9631.43,-3.69,-12.08,7
838,11523.39,15.23,-9.35,8
839,8621.44,-13.79,-15.61,10
840,9451.09,-5.49,-14.07,7
841,9996.78,-0.03,-7.52,7
842,9577.34,-4.23,-19.62,12
843,11732.46,17.32,-3.98,4
844,9596.99,-4.03,-9.94,7
845,8775.73,-12.24,-12.92,7
846,8640.02,-13.6,-18.17,8
847,9642.31,-3.58,-11.0,6
848,10321.6,3.22,-13.21,7
849,10003.98,0.04,-12.18,6
850,9150.64,-8.49,-16.62,12
851,11574.25,15.74,-5.85,6
852,9606.23,-3.94,-8.48,6
853,9438.64,-5.61,-10.53,7
854,10803.66,8.04,-9.7,5
855,9419.86,-5.8,-9.06,7
856,10003.11,0.03,-10.71,7
857,9092.02,-9.08,-10.43,10
858,8940.25,-10.6,-11.3,10
859,10451.71,4.52,-8.53,7
860,8944.89,-10.55,-13.8,13
861,9353.63,-6.46,-15.21,7
862,8349.54,-16.5,-19.22,11
863,9393.2,-6.07,-14.2,9
864,10713.63,7.14,-10.87,7
865,9083.1,-9.17,-14.51,9
866,13378.95,33.79,-3.38,4
867,9711.38,-2.89,-11.2,9
868,10044.89,0.45,-10.76,9
869,9463.24,-5.37,-8.8,7
870,10228.53,2.29,-10.88,7
871,9195.62,-8.04,-9.18,6
872,10520.88,5.21,-14.94,5
873,10958.05,9.58,-10.73,8
874,9583.78,-4.16,-10.45,7
875,9201.33,-7.99,-11.34,8
876,9165.65,-8.34,-11.86,8
877,9837.72,-1.62,-5.12,5
878,8355.13,-16.45,-22.06,16
879,9566.86,-4.33,-18.27,20
880,9715.6,-2.84,-13.62,6
881,11255.13,12.55,-6.3,5
882,8299.6,-17.0,-18.5,17
883,10435.01,4.35,-7.9,8
884,9782.45,-2.18,-8.13,4
885,9612.09,-3.88,-13.54,9
886,12199.28,21.99,-6.07,5
887,8356.03,-16.44,-16.44,8
888,9504.05,-4.96,-11.36,12
889,8314.52,-16.85,-16.85,7
890,9631.09,-3.69,-8.86,5
891,10661.32,6.61,-6.57,6
892,9017.71,-9.82,-11.55,10
893,8471.52,-15.28,-16.07,9
894,11532.04,15.32,-8.48,7
895,9245.17,-7.55,-11.48,8
896,8830.6,-11.69,-17.15,10
897,10619.59,6.2,-8.21,5
898,9453.95,-5.46,-13.11,14
899,11947.51,19.48,-4.35,5
900,11284.8,12.85,-6.86,7
901,9526.35,-4.74,-14.48,8
902,10108.25,1.08,-10.49,7
903,11531.75,15.32,-8.69,6
904,11106.89,11.07,-11.15,8
905,10566.34,5.66,-9.1,6
906,9763.74,-2.36,-6.19,4
907,10753.26,7.53,-8.16,9
908,9438.75,-5.61,-8.28,8
909,8826.54,-11.73,-14.06,11
910,8491.77,-15.08,-17.42,13
911,9032.29,-9.68,-16.07,8
912,9427.31,-5.73,-10.39,9
913,8819.39,-11.81,-12.37,6
914,10694.18,6.94,-12.58,5
915,9150.81,-8.49,-14.43,7
916,8330.66,-16.69,-18.98,10
917,10427.13,4.27,-7.01,6
918,10336.52,3.37,-11.05,7
919,9269.33,-7.31,-11.31,7
920,9837.76,-1.62,-8.98,5
921,10677.12,6.77,-7.09,6
922,9022.04,-9.78,-16.54,10
923,9144.44,-8.56,-11.91,11
924,10008.45,0.08,-9.04,10
925,9767.2,-2.33,-5.85,6
926,9591.36,-4.09,-10.74,10
927,9947.7,-0.52,-13.0,15
928,8963.34,-10.37,-10.37,8
929,10324.48,3.24,-11.93,6
930,9437.42,-5.63,-9.03,5
931,11218.21,12.18,-11.67,10
932,8880.08,-11.2,-15.08,9
933,10004.81,0.05,-6.33,6
934,8600.25,-14.0,-16.05,8
935,10335.33,3.35,-7.6,6
936,10137.77,1.38,-8.07,5
937,10561.59,5.62,-6.76,4
938,8857.05,-11.43,-14.37,13
939,9697.8,-3.02,-11.6,8
940,9781.8,-2.18,-8.53,9
941,9752.34,-2.48,-7.99,7
942,9254.13,-7.46,-14.89,9
943,10388.83,3.89,-5.42,4
944,8807.72,-11.92,-19.73,17
945,8773.92,-12.26,-18.69,8
946,9008.35,-9.92,-15.79,8
947,8281.99,-17.18,-17.18,18
948,10980.62,9.81,-7.96,7
949,9152.24,-8.48,-11.1,6
950,10227.81,2.28,-10.98,5
951,10899.15,8.99,-6.27,6
952,11310.12,13.1,-8.69,9
953,9868.92,-1.31,-11.8,9
954,10382.81,3.83,-9.04,10
955,9884.96,-1.15,-11.72,9
956,10059.22,0.59,-10.03,9
957,11113.68,11.14,-6.79,7
958,10422.16,4.22,-11.54,8
959,10130.19,1.3,-9.25,5
960,10127.62,1.28,-5.8,5
961,9859.02,-1.41,-9.48,5
962,10137.37,1.37,-10.18,7
963,11743.32,17.43,-6.03,5
964,9595.11,-4.05,-8.95,6
965,9989.66,-0.1,-8.06,6
966,9824.4,-1.76,-8.39,5
967,9975.33,-0.25,-9.79,5
968,9093.13,-9.07,-13.28,9
969,9426.95,-5.73,-10.74,7
970,10145.41,1.45,-8.13,8
971,9903.16,-0.97,-6.79,7
972,10485.22,4.85,-8.01,5
973,11209.25,12.09,-8.12,9
974,10181.62,1.82,-13.84,8
975,9106.67,-8.93,-14.23,11
976,10326.07,3.26,-7.92,8
977,9030.64,-9.69,-12.11,9
978,11168.36,11.68,-11.04,10
979,8408.15,-15.92,-17.21,19
980,11077.82,10.78,-7.21,6
981,10730.92,7.31,-4.2,3
982,10351.5,3.52,-6.34,6
983,11649.23,16.49,-4.9,5
984,9238.59,-7.61,-14.06,7
985,12226.58,22.27,-4.32,4
986,11235.39,12.35,-5.31,6
987,10971.97,9.72,-6.25,7
988,12029.49,20.29,-6.1,5
989,9630.37,-3.7,-14.1,12
990,9913.86,-0.86,-9.71,8
991,10546.68,5.47,-6.79,7
992,9797.37,-2.03,-9.82,8
993,8163.91,-18.36,-19.5,12
994,9123.19,-8.77,-11.36,8
995,8999.58,-10.0,-11.07,6
996,9591.81,-4.08,-13.77,14
997,9907.13,-0.93,-9.4,6
998,10890.04,8.9,-9.58,8
999,8016.1,-19.84,-20.58,14
